keyword,keyword_upper,caption_name,location,location_lower,type,guid,topic_id,focus_id,ENTITY_LABEL,name,description,source,source_identifier,global_identifier
sandradayoconnor,sandradayoconnor,Former US Supreme Court Justice Sandra Day O'Connor,Washington,washington,US Supreme Court,,188285,,UsSupremeCourt,Former US Supreme Court Justice Sandra Day O'Connor,,dgm_SCOTUS,69d703fddc975453444496958d798579,dgm_SCOTUS__69d703fddc975453444496958d798579
sandraoconnor,sandraoconnor,Former US Supreme Court Justice Sandra Day O'Connor,Washington,washington,US Supreme Court,,188285,,UsSupremeCourt,Former US Supreme Court Justice Sandra Day O'Connor,,dgm_SCOTUS,69d703fddc975453444496958d798579,dgm_SCOTUS__69d703fddc975453444496958d798579
justiceoconnor,justiceoconnor,Former US Supreme Court Justice Sandra Day O'Connor,Washington,washington,US Supreme Court,,188285,,UsSupremeCourt,Former US Supreme Court Justice Sandra Day O'Connor,,dgm_SCOTUS,69d703fddc975453444496958d798579,dgm_SCOTUS__69d703fddc975453444496958d798579
sandra day o connor,sandra day o connor,Former US Supreme Court Justice Sandra Day O'Connor,Washington,washington,US Supreme Court,,188285,,UsSupremeCourt,Former US Supreme Court Justice Sandra Day O'Connor,,dgm_SCOTUS,69d703fddc975453444496958d798579,dgm_SCOTUS__69d703fddc975453444496958d798579
sandra o connor,sandra o connor,Former US Supreme Court Justice Sandra Day O'Connor,Washington,washington,US Supreme Court,,188285,,UsSupremeCourt,Former US Supreme Court Justice Sandra Day O'Connor,,dgm_SCOTUS,69d703fddc975453444496958d798579,dgm_SCOTUS__69d703fddc975453444496958d798579
sandra o'connor,sandra o'connor,Former US Supreme Court Justice Sandra Day O'Connor,Washington,washington,US Supreme Court,,188285,,UsSupremeCourt,Former US Supreme Court Justice Sandra Day O'Connor,,dgm_SCOTUS,69d703fddc975453444496958d798579,dgm_SCOTUS__69d703fddc975453444496958d798579
sandra day o'connor,sandra day o'connor,Former US Supreme Court Justice Sandra Day O'Connor,Washington,washington,US Supreme Court,,188285,,UsSupremeCourt,Former US Supreme Court Justice Sandra Day O'Connor,,dgm_SCOTUS,69d703fddc975453444496958d798579,dgm_SCOTUS__69d703fddc975453444496958d798579
justice o'connor,justice o'connor,Former US Supreme Court Justice Sandra Day O'Connor,Washington,washington,US Supreme Court,,188285,,UsSupremeCourt,Former US Supreme Court Justice Sandra Day O'Connor,,dgm_SCOTUS,69d703fddc975453444496958d798579,dgm_SCOTUS__69d703fddc975453444496958d798579
justice o connor,justice o connor,Former US Supreme Court Justice Sandra Day O'Connor,Washington,washington,US Supreme Court,,188285,,UsSupremeCourt,Former US Supreme Court Justice Sandra Day O'Connor,,dgm_SCOTUS,69d703fddc975453444496958d798579,dgm_SCOTUS__69d703fddc975453444496958d798579
davidhsouter,davidhsouter,Former US Supreme Court Justice David Souter,Washington,washington,US Supreme Court,,188285,,UsSupremeCourt,Former US Supreme Court Justice David Souter,,dgm_SCOTUS,2b8f45071955666eff4c9cf1c5e9ace1,dgm_SCOTUS__2b8f45071955666eff4c9cf1c5e9ace1
davidsouter,davidsouter,Former US Supreme Court Justice David Souter,Washington,washington,US Supreme Court,,188285,,UsSupremeCourt,Former US Supreme Court Justice David Souter,,dgm_SCOTUS,2b8f45071955666eff4c9cf1c5e9ace1,dgm_SCOTUS__2b8f45071955666eff4c9cf1c5e9ace1
justicesouter,justicesouter,Former US Supreme Court Justice David Souter,Washington,washington,US Supreme Court,,188285,,UsSupremeCourt,Former US Supreme Court Justice David Souter,,dgm_SCOTUS,2b8f45071955666eff4c9cf1c5e9ace1,dgm_SCOTUS__2b8f45071955666eff4c9cf1c5e9ace1
david h. souter,david h. souter,Former US Supreme Court Justice David Souter,Washington,washington,US Supreme Court,,188285,,UsSupremeCourt,Former US Supreme Court Justice David Souter,,dgm_SCOTUS,2b8f45071955666eff4c9cf1c5e9ace1,dgm_SCOTUS__2b8f45071955666eff4c9cf1c5e9ace1
david souter,david souter,Former US Supreme Court Justice David Souter,Washington,washington,US Supreme Court,,188285,,UsSupremeCourt,Former US Supreme Court Justice David Souter,,dgm_SCOTUS,2b8f45071955666eff4c9cf1c5e9ace1,dgm_SCOTUS__2b8f45071955666eff4c9cf1c5e9ace1
david h souter,david h souter,Former US Supreme Court Justice David Souter,Washington,washington,US Supreme Court,,188285,,UsSupremeCourt,Former US Supreme Court Justice David Souter,,dgm_SCOTUS,2b8f45071955666eff4c9cf1c5e9ace1,dgm_SCOTUS__2b8f45071955666eff4c9cf1c5e9ace1
justice souter,justice souter,Former US Supreme Court Justice David Souter,Washington,washington,US Supreme Court,,188285,,UsSupremeCourt,Former US Supreme Court Justice David Souter,,dgm_SCOTUS,2b8f45071955666eff4c9cf1c5e9ace1,dgm_SCOTUS__2b8f45071955666eff4c9cf1c5e9ace1
justicebarrett,justicebarrett,US Supreme Court Justice Amy Coney Barrett,Washington,washington,US Supreme Court,,188285,,UsSupremeCourt,US Supreme Court Justice Amy Coney Barrett,,dgm_SCOTUS,2f89781573d0f8e7bd2a99e0da52d244,dgm_SCOTUS__2f89781573d0f8e7bd2a99e0da52d244
judgebarrett,judgebarrett,US Supreme Court Justice Amy Coney Barrett,Washington,washington,US Supreme Court,,188285,,UsSupremeCourt,US Supreme Court Justice Amy Coney Barrett,,dgm_SCOTUS,2f89781573d0f8e7bd2a99e0da52d244,dgm_SCOTUS__2f89781573d0f8e7bd2a99e0da52d244
amyconeybarrett,amyconeybarrett,US Supreme Court Justice Amy Coney Barrett,Washington,washington,US Supreme Court,,188285,,UsSupremeCourt,US Supreme Court Justice Amy Coney Barrett,,dgm_SCOTUS,2f89781573d0f8e7bd2a99e0da52d244,dgm_SCOTUS__2f89781573d0f8e7bd2a99e0da52d244
amybarrett,amybarrett,US Supreme Court Justice Amy Coney Barrett,Washington,washington,US Supreme Court,,188285,,UsSupremeCourt,US Supreme Court Justice Amy Coney Barrett,,dgm_SCOTUS,2f89781573d0f8e7bd2a99e0da52d244,dgm_SCOTUS__2f89781573d0f8e7bd2a99e0da52d244
barrett,barrett,US Supreme Court Justice Amy Coney Barrett,Washington,washington,US Supreme Court,,188285,,UsSupremeCourt,US Supreme Court Justice Amy Coney Barrett,,dgm_SCOTUS,2f89781573d0f8e7bd2a99e0da52d244,dgm_SCOTUS__2f89781573d0f8e7bd2a99e0da52d244
amycbarrett,amycbarrett,US Supreme Court Justice Amy Coney Barrett,Washington,washington,US Supreme Court,,188285,,UsSupremeCourt,US Supreme Court Justice Amy Coney Barrett,,dgm_SCOTUS,2f89781573d0f8e7bd2a99e0da52d244,dgm_SCOTUS__2f89781573d0f8e7bd2a99e0da52d244
justice barrett,justice barrett,US Supreme Court Justice Amy Coney Barrett,Washington,washington,US Supreme Court,,188285,,UsSupremeCourt,US Supreme Court Justice Amy Coney Barrett,,dgm_SCOTUS,2f89781573d0f8e7bd2a99e0da52d244,dgm_SCOTUS__2f89781573d0f8e7bd2a99e0da52d244
judge barrett,judge barrett,US Supreme Court Justice Amy Coney Barrett,Washington,washington,US Supreme Court,,188285,,UsSupremeCourt,US Supreme Court Justice Amy Coney Barrett,,dgm_SCOTUS,2f89781573d0f8e7bd2a99e0da52d244,dgm_SCOTUS__2f89781573d0f8e7bd2a99e0da52d244
amy coney barrett,amy coney barrett,US Supreme Court Justice Amy Coney Barrett,Washington,washington,US Supreme Court,,188285,,UsSupremeCourt,US Supreme Court Justice Amy Coney Barrett,,dgm_SCOTUS,2f89781573d0f8e7bd2a99e0da52d244,dgm_SCOTUS__2f89781573d0f8e7bd2a99e0da52d244
amy barrett,amy barrett,US Supreme Court Justice Amy Coney Barrett,Washington,washington,US Supreme Court,,188285,,UsSupremeCourt,US Supreme Court Justice Amy Coney Barrett,,dgm_SCOTUS,2f89781573d0f8e7bd2a99e0da52d244,dgm_SCOTUS__2f89781573d0f8e7bd2a99e0da52d244
amy c. barrett,amy c. barrett,US Supreme Court Justice Amy Coney Barrett,Washington,washington,US Supreme Court,,188285,,UsSupremeCourt,US Supreme Court Justice Amy Coney Barrett,,dgm_SCOTUS,2f89781573d0f8e7bd2a99e0da52d244,dgm_SCOTUS__2f89781573d0f8e7bd2a99e0da52d244
amy c barrett,amy c barrett,US Supreme Court Justice Amy Coney Barrett,Washington,washington,US Supreme Court,,188285,,UsSupremeCourt,US Supreme Court Justice Amy Coney Barrett,,dgm_SCOTUS,2f89781573d0f8e7bd2a99e0da52d244,dgm_SCOTUS__2f89781573d0f8e7bd2a99e0da52d244
clarencethomas,clarencethomas,US Supreme Court Justice Clarence Thomas,Washington,washington,US Supreme Court,,188285,,UsSupremeCourt,US Supreme Court Justice Clarence Thomas,,dgm_SCOTUS,5a7f5f6e4988ee7e5fed84f35f0e0dd2,dgm_SCOTUS__5a7f5f6e4988ee7e5fed84f35f0e0dd2
justicethomas,justicethomas,US Supreme Court Justice Clarence Thomas,Washington,washington,US Supreme Court,,188285,,UsSupremeCourt,US Supreme Court Justice Clarence Thomas,,dgm_SCOTUS,5a7f5f6e4988ee7e5fed84f35f0e0dd2,dgm_SCOTUS__5a7f5f6e4988ee7e5fed84f35f0e0dd2
soniasotomayor,soniasotomayor,US Supreme Court Justice Sonia Sotomayor,Washington,washington,US Supreme Court,,188285,,UsSupremeCourt,US Supreme Court Justice Sonia Sotomayor,,dgm_SCOTUS,e73da9aa47856a7d93b9d1a0073cf532,dgm_SCOTUS__e73da9aa47856a7d93b9d1a0073cf532
brettkavanaugh,brettkavanaugh,US Supreme Court Justice Brett Kavanaugh,Washington,washington,US Supreme Court,,188285,,UsSupremeCourt,US Supreme Court Justice Brett Kavanaugh,,dgm_SCOTUS,245a450eefe1545ad6cf669a15e15b8b,dgm_SCOTUS__245a450eefe1545ad6cf669a15e15b8b
brettmkavanaugh,brettmkavanaugh,US Supreme Court Justice Brett Kavanaugh,Washington,washington,US Supreme Court,,188285,,UsSupremeCourt,US Supreme Court Justice Brett Kavanaugh,,dgm_SCOTUS,245a450eefe1545ad6cf669a15e15b8b,dgm_SCOTUS__245a450eefe1545ad6cf669a15e15b8b
anthonymkennedy,anthonymkennedy,US Supreme Court Justice Anthony Kennedy,Washington,washington,US Supreme Court,,188285,,UsSupremeCourt,US Supreme Court Justice Anthony Kennedy,,dgm_SCOTUS,2f82786500840ae9b6c69f2ffe8e920b,dgm_SCOTUS__2f82786500840ae9b6c69f2ffe8e920b
anthonykennedy,anthonykennedy,US Supreme Court Justice Anthony Kennedy,Washington,washington,US Supreme Court,,188285,,UsSupremeCourt,US Supreme Court Justice Anthony Kennedy,,dgm_SCOTUS,2f82786500840ae9b6c69f2ffe8e920b,dgm_SCOTUS__2f82786500840ae9b6c69f2ffe8e920b
justicesotomayor,justicesotomayor,US Supreme Court Justice Sonia Sotomayor,Washington,washington,US Supreme Court,,188285,,UsSupremeCourt,US Supreme Court Justice Sonia Sotomayor,,dgm_SCOTUS,e73da9aa47856a7d93b9d1a0073cf532,dgm_SCOTUS__e73da9aa47856a7d93b9d1a0073cf532
justicekavanaugh,justicekavanaugh,US Supreme Court Justice Brett Kavanaugh,Washington,washington,US Supreme Court,,188285,,UsSupremeCourt,US Supreme Court Justice Brett Kavanaugh,,dgm_SCOTUS,245a450eefe1545ad6cf669a15e15b8b,dgm_SCOTUS__245a450eefe1545ad6cf669a15e15b8b
justicekennedy,justicekennedy,US Supreme Court Justice Anthony Kennedy,Washington,washington,US Supreme Court,,188285,,UsSupremeCourt,US Supreme Court Justice Anthony Kennedy,,dgm_SCOTUS,2f82786500840ae9b6c69f2ffe8e920b,dgm_SCOTUS__2f82786500840ae9b6c69f2ffe8e920b
clarence thomas,clarence thomas,US Supreme Court Justice Clarence Thomas,Washington,washington,US Supreme Court,,188285,,UsSupremeCourt,US Supreme Court Justice Clarence Thomas,,dgm_SCOTUS,5a7f5f6e4988ee7e5fed84f35f0e0dd2,dgm_SCOTUS__5a7f5f6e4988ee7e5fed84f35f0e0dd2
justice thomas,justice thomas,US Supreme Court Justice Clarence Thomas,Washington,washington,US Supreme Court,,188285,,UsSupremeCourt,US Supreme Court Justice Clarence Thomas,,dgm_SCOTUS,5a7f5f6e4988ee7e5fed84f35f0e0dd2,dgm_SCOTUS__5a7f5f6e4988ee7e5fed84f35f0e0dd2
sonia sotomayor,sonia sotomayor,US Supreme Court Justice Sonia Sotomayor,Washington,washington,US Supreme Court,,188285,,UsSupremeCourt,US Supreme Court Justice Sonia Sotomayor,,dgm_SCOTUS,e73da9aa47856a7d93b9d1a0073cf532,dgm_SCOTUS__e73da9aa47856a7d93b9d1a0073cf532
brett kavanaugh,brett kavanaugh,US Supreme Court Justice Brett Kavanaugh,Washington,washington,US Supreme Court,,188285,,UsSupremeCourt,US Supreme Court Justice Brett Kavanaugh,,dgm_SCOTUS,245a450eefe1545ad6cf669a15e15b8b,dgm_SCOTUS__245a450eefe1545ad6cf669a15e15b8b
brett m. kavanaugh,brett m. kavanaugh,US Supreme Court Justice Brett Kavanaugh,Washington,washington,US Supreme Court,,188285,,UsSupremeCourt,US Supreme Court Justice Brett Kavanaugh,,dgm_SCOTUS,245a450eefe1545ad6cf669a15e15b8b,dgm_SCOTUS__245a450eefe1545ad6cf669a15e15b8b
anthony m. kennedy,anthony m. kennedy,US Supreme Court Justice Anthony Kennedy,Washington,washington,US Supreme Court,,188285,,UsSupremeCourt,US Supreme Court Justice Anthony Kennedy,,dgm_SCOTUS,2f82786500840ae9b6c69f2ffe8e920b,dgm_SCOTUS__2f82786500840ae9b6c69f2ffe8e920b
anthony kennedy,anthony kennedy,US Supreme Court Justice Anthony Kennedy,Washington,washington,US Supreme Court,,188285,,UsSupremeCourt,US Supreme Court Justice Anthony Kennedy,,dgm_SCOTUS,2f82786500840ae9b6c69f2ffe8e920b,dgm_SCOTUS__2f82786500840ae9b6c69f2ffe8e920b
brett m kavanaugh,brett m kavanaugh,US Supreme Court Justice Brett Kavanaugh,Washington,washington,US Supreme Court,,188285,,UsSupremeCourt,US Supreme Court Justice Brett Kavanaugh,,dgm_SCOTUS,245a450eefe1545ad6cf669a15e15b8b,dgm_SCOTUS__245a450eefe1545ad6cf669a15e15b8b
anthony m kennedy,anthony m kennedy,US Supreme Court Justice Anthony Kennedy,Washington,washington,US Supreme Court,,188285,,UsSupremeCourt,US Supreme Court Justice Anthony Kennedy,,dgm_SCOTUS,2f82786500840ae9b6c69f2ffe8e920b,dgm_SCOTUS__2f82786500840ae9b6c69f2ffe8e920b
justice sotomayor,justice sotomayor,US Supreme Court Justice Sonia Sotomayor,Washington,washington,US Supreme Court,,188285,,UsSupremeCourt,US Supreme Court Justice Sonia Sotomayor,,dgm_SCOTUS,e73da9aa47856a7d93b9d1a0073cf532,dgm_SCOTUS__e73da9aa47856a7d93b9d1a0073cf532
justice kavanaugh,justice kavanaugh,US Supreme Court Justice Brett Kavanaugh,Washington,washington,US Supreme Court,,188285,,UsSupremeCourt,US Supreme Court Justice Brett Kavanaugh,,dgm_SCOTUS,245a450eefe1545ad6cf669a15e15b8b,dgm_SCOTUS__245a450eefe1545ad6cf669a15e15b8b
justice kennedy,justice kennedy,US Supreme Court Justice Anthony Kennedy,Washington,washington,US Supreme Court,,188285,,UsSupremeCourt,US Supreme Court Justice Anthony Kennedy,,dgm_SCOTUS,2f82786500840ae9b6c69f2ffe8e920b,dgm_SCOTUS__2f82786500840ae9b6c69f2ffe8e920b
stephengbreyer,stephengbreyer,US Supreme Court Justice Stephen Breyer,Washington,washington,US Supreme Court,,188285,,UsSupremeCourt,US Supreme Court Justice Stephen Breyer,,dgm_SCOTUS,2db8d6fcd986d8914bb275459c8613f9,dgm_SCOTUS__2db8d6fcd986d8914bb275459c8613f9
stephenbreyer,stephenbreyer,US Supreme Court Justice Stephen Breyer,Washington,washington,US Supreme Court,,188285,,UsSupremeCourt,US Supreme Court Justice Stephen Breyer,,dgm_SCOTUS,2db8d6fcd986d8914bb275459c8613f9,dgm_SCOTUS__2db8d6fcd986d8914bb275459c8613f9
justicebreyer,justicebreyer,US Supreme Court Justice Stephen Breyer,Washington,washington,US Supreme Court,,188285,,UsSupremeCourt,US Supreme Court Justice Stephen Breyer,,dgm_SCOTUS,2db8d6fcd986d8914bb275459c8613f9,dgm_SCOTUS__2db8d6fcd986d8914bb275459c8613f9
stephen g. breyer,stephen g. breyer,US Supreme Court Justice Stephen Breyer,Washington,washington,US Supreme Court,,188285,,UsSupremeCourt,US Supreme Court Justice Stephen Breyer,,dgm_SCOTUS,2db8d6fcd986d8914bb275459c8613f9,dgm_SCOTUS__2db8d6fcd986d8914bb275459c8613f9
stephen breyer,stephen breyer,US Supreme Court Justice Stephen Breyer,Washington,washington,US Supreme Court,,188285,,UsSupremeCourt,US Supreme Court Justice Stephen Breyer,,dgm_SCOTUS,2db8d6fcd986d8914bb275459c8613f9,dgm_SCOTUS__2db8d6fcd986d8914bb275459c8613f9
stephen g breyer,stephen g breyer,US Supreme Court Justice Stephen Breyer,Washington,washington,US Supreme Court,,188285,,UsSupremeCourt,US Supreme Court Justice Stephen Breyer,,dgm_SCOTUS,2db8d6fcd986d8914bb275459c8613f9,dgm_SCOTUS__2db8d6fcd986d8914bb275459c8613f9
justice breyer,justice breyer,US Supreme Court Justice Stephen Breyer,Washington,washington,US Supreme Court,,188285,,UsSupremeCourt,US Supreme Court Justice Stephen Breyer,,dgm_SCOTUS,2db8d6fcd986d8914bb275459c8613f9,dgm_SCOTUS__2db8d6fcd986d8914bb275459c8613f9
johnroberts,johnroberts,US Supreme Court Justice John Roberts,Washington,washington,US Supreme Court,,188285,,UsSupremeCourt,US Supreme Court Justice John Roberts,,dgm_SCOTUS,88a762e91b806fabab03f189c8da7eaa,dgm_SCOTUS__88a762e91b806fabab03f189c8da7eaa
johngroberts,johngroberts,US Supreme Court Justice John Roberts,Washington,washington,US Supreme Court,,188285,,UsSupremeCourt,US Supreme Court Justice John Roberts,,dgm_SCOTUS,88a762e91b806fabab03f189c8da7eaa,dgm_SCOTUS__88a762e91b806fabab03f189c8da7eaa
justiceroberts,justiceroberts,US Supreme Court Justice John Roberts,Washington,washington,US Supreme Court,,188285,,UsSupremeCourt,US Supreme Court Justice John Roberts,,dgm_SCOTUS,88a762e91b806fabab03f189c8da7eaa,dgm_SCOTUS__88a762e91b806fabab03f189c8da7eaa
samuelaalito,samuelaalito,US Supreme Court Justice Samuel Alito,Washington,washington,US Supreme Court,,188285,,UsSupremeCourt,US Supreme Court Justice Samuel Alito,,dgm_SCOTUS,38dcc9e971cfdc53040c083dd19f28e9,dgm_SCOTUS__38dcc9e971cfdc53040c083dd19f28e9
neilmgorsuch,neilmgorsuch,US Supreme Court Justice Neil Gorsuch,Washington,washington,US Supreme Court,,188285,,UsSupremeCourt,US Supreme Court Justice Neil Gorsuch,,dgm_SCOTUS,d27c909b3ba0ec28f770c2ea7e75c519,dgm_SCOTUS__d27c909b3ba0ec28f770c2ea7e75c519
samuelalito,samuelalito,US Supreme Court Justice Samuel Alito,Washington,washington,US Supreme Court,,188285,,UsSupremeCourt,US Supreme Court Justice Samuel Alito,,dgm_SCOTUS,38dcc9e971cfdc53040c083dd19f28e9,dgm_SCOTUS__38dcc9e971cfdc53040c083dd19f28e9
neilgorsuch,neilgorsuch,US Supreme Court Justice Neil Gorsuch,Washington,washington,US Supreme Court,,188285,,UsSupremeCourt,US Supreme Court Justice Neil Gorsuch,,dgm_SCOTUS,d27c909b3ba0ec28f770c2ea7e75c519,dgm_SCOTUS__d27c909b3ba0ec28f770c2ea7e75c519
justicealito,justicealito,US Supreme Court Justice Samuel Alito,Washington,washington,US Supreme Court,,188285,,UsSupremeCourt,US Supreme Court Justice Samuel Alito,,dgm_SCOTUS,38dcc9e971cfdc53040c083dd19f28e9,dgm_SCOTUS__38dcc9e971cfdc53040c083dd19f28e9
justicegorsuch,justicegorsuch,US Supreme Court Justice Neil Gorsuch,Washington,washington,US Supreme Court,,188285,,UsSupremeCourt,US Supreme Court Justice Neil Gorsuch,,dgm_SCOTUS,d27c909b3ba0ec28f770c2ea7e75c519,dgm_SCOTUS__d27c909b3ba0ec28f770c2ea7e75c519
john roberts,john roberts,US Supreme Court Justice John Roberts,Washington,washington,US Supreme Court,,188285,,UsSupremeCourt,US Supreme Court Justice John Roberts,,dgm_SCOTUS,88a762e91b806fabab03f189c8da7eaa,dgm_SCOTUS__88a762e91b806fabab03f189c8da7eaa
john g roberts,john g roberts,US Supreme Court Justice John Roberts,Washington,washington,US Supreme Court,,188285,,UsSupremeCourt,US Supreme Court Justice John Roberts,,dgm_SCOTUS,88a762e91b806fabab03f189c8da7eaa,dgm_SCOTUS__88a762e91b806fabab03f189c8da7eaa
john g. roberts,john g. roberts,US Supreme Court Justice John Roberts,Washington,washington,US Supreme Court,,188285,,UsSupremeCourt,US Supreme Court Justice John Roberts,,dgm_SCOTUS,88a762e91b806fabab03f189c8da7eaa,dgm_SCOTUS__88a762e91b806fabab03f189c8da7eaa
justice roberts,justice roberts,US Supreme Court Justice John Roberts,Washington,washington,US Supreme Court,,188285,,UsSupremeCourt,US Supreme Court Justice John Roberts,,dgm_SCOTUS,88a762e91b806fabab03f189c8da7eaa,dgm_SCOTUS__88a762e91b806fabab03f189c8da7eaa
samuel a. alito,samuel a. alito,US Supreme Court Justice Samuel Alito,Washington,washington,US Supreme Court,,188285,,UsSupremeCourt,US Supreme Court Justice Samuel Alito,,dgm_SCOTUS,38dcc9e971cfdc53040c083dd19f28e9,dgm_SCOTUS__38dcc9e971cfdc53040c083dd19f28e9
neil m. gorsuch,neil m. gorsuch,US Supreme Court Justice Neil Gorsuch,Washington,washington,US Supreme Court,,188285,,UsSupremeCourt,US Supreme Court Justice Neil Gorsuch,,dgm_SCOTUS,d27c909b3ba0ec28f770c2ea7e75c519,dgm_SCOTUS__d27c909b3ba0ec28f770c2ea7e75c519
samuel alito,samuel alito,US Supreme Court Justice Samuel Alito,Washington,washington,US Supreme Court,,188285,,UsSupremeCourt,US Supreme Court Justice Samuel Alito,,dgm_SCOTUS,38dcc9e971cfdc53040c083dd19f28e9,dgm_SCOTUS__38dcc9e971cfdc53040c083dd19f28e9
neil gorsuch,neil gorsuch,US Supreme Court Justice Neil Gorsuch,Washington,washington,US Supreme Court,,188285,,UsSupremeCourt,US Supreme Court Justice Neil Gorsuch,,dgm_SCOTUS,d27c909b3ba0ec28f770c2ea7e75c519,dgm_SCOTUS__d27c909b3ba0ec28f770c2ea7e75c519
samuel a alito,samuel a alito,US Supreme Court Justice Samuel Alito,Washington,washington,US Supreme Court,,188285,,UsSupremeCourt,US Supreme Court Justice Samuel Alito,,dgm_SCOTUS,38dcc9e971cfdc53040c083dd19f28e9,dgm_SCOTUS__38dcc9e971cfdc53040c083dd19f28e9
neil m gorsuch,neil m gorsuch,US Supreme Court Justice Neil Gorsuch,Washington,washington,US Supreme Court,,188285,,UsSupremeCourt,US Supreme Court Justice Neil Gorsuch,,dgm_SCOTUS,d27c909b3ba0ec28f770c2ea7e75c519,dgm_SCOTUS__d27c909b3ba0ec28f770c2ea7e75c519
justice alito,justice alito,US Supreme Court Justice Samuel Alito,Washington,washington,US Supreme Court,,188285,,UsSupremeCourt,US Supreme Court Justice Samuel Alito,,dgm_SCOTUS,38dcc9e971cfdc53040c083dd19f28e9,dgm_SCOTUS__38dcc9e971cfdc53040c083dd19f28e9
justice gorsuch,justice gorsuch,US Supreme Court Justice Neil Gorsuch,Washington,washington,US Supreme Court,,188285,,UsSupremeCourt,US Supreme Court Justice Neil Gorsuch,,dgm_SCOTUS,d27c909b3ba0ec28f770c2ea7e75c519,dgm_SCOTUS__d27c909b3ba0ec28f770c2ea7e75c519
elenakagan,elenakagan,US Supreme Court Justice Elena Kagan,Washington,washington,US Supreme Court,,188285,,UsSupremeCourt,US Supreme Court Justice Elena Kagan,,dgm_SCOTUS,36d483749c0813c189c932213d05f2f6,dgm_SCOTUS__36d483749c0813c189c932213d05f2f6
justicekagan,justicekagan,US Supreme Court Justice Elena Kagan,Washington,washington,US Supreme Court,,188285,,UsSupremeCourt,US Supreme Court Justice Elena Kagan,,dgm_SCOTUS,36d483749c0813c189c932213d05f2f6,dgm_SCOTUS__36d483749c0813c189c932213d05f2f6
elena kagan,elena kagan,US Supreme Court Justice Elena Kagan,Washington,washington,US Supreme Court,,188285,,UsSupremeCourt,US Supreme Court Justice Elena Kagan,,dgm_SCOTUS,36d483749c0813c189c932213d05f2f6,dgm_SCOTUS__36d483749c0813c189c932213d05f2f6
justice kagan,justice kagan,US Supreme Court Justice Elena Kagan,Washington,washington,US Supreme Court,,188285,,UsSupremeCourt,US Supreme Court Justice Elena Kagan,,dgm_SCOTUS,36d483749c0813c189c932213d05f2f6,dgm_SCOTUS__36d483749c0813c189c932213d05f2f6
associatejustice,associatejustice,US Supreme Court Associate Justice,Washington,washington,US Supreme Court,,188285,,UsSupremeCourt,US Supreme Court Associate Justice,,dgm_SCOTUS,7dee6607ee7e7897694966b84c3d6caf,dgm_SCOTUS__7dee6607ee7e7897694966b84c3d6caf
associatejustices,associatejustices,US Supreme Court Associate Justice,Washington,washington,US Supreme Court,,188285,,UsSupremeCourt,US Supreme Court Associate Justice,,dgm_SCOTUS,7dee6607ee7e7897694966b84c3d6caf,dgm_SCOTUS__7dee6607ee7e7897694966b84c3d6caf
the associate justice,the associate justice,US Supreme Court Associate Justice,Washington,washington,US Supreme Court,,188285,,UsSupremeCourt,US Supreme Court Associate Justice,,dgm_SCOTUS,7dee6607ee7e7897694966b84c3d6caf,dgm_SCOTUS__7dee6607ee7e7897694966b84c3d6caf
the associate justices,the associate justices,US Supreme Court Associate Justice,Washington,washington,US Supreme Court,,188285,,UsSupremeCourt,US Supreme Court Associate Justice,,dgm_SCOTUS,7dee6607ee7e7897694966b84c3d6caf,dgm_SCOTUS__7dee6607ee7e7897694966b84c3d6caf
associate justice,associate justice,US Supreme Court Associate Justice,Washington,washington,US Supreme Court,,188285,,UsSupremeCourt,US Supreme Court Associate Justice,,dgm_SCOTUS,7dee6607ee7e7897694966b84c3d6caf,dgm_SCOTUS__7dee6607ee7e7897694966b84c3d6caf
associate justices,associate justices,US Supreme Court Associate Justice,Washington,washington,US Supreme Court,,188285,,UsSupremeCourt,US Supreme Court Associate Justice,,dgm_SCOTUS,7dee6607ee7e7897694966b84c3d6caf,dgm_SCOTUS__7dee6607ee7e7897694966b84c3d6caf
chiefjustice,chiefjustice,US Supreme Court Chief Justice,Washington,washington,US Supreme Court,,188285,,UsSupremeCourt,US Supreme Court Chief Justice,,dgm_SCOTUS,38d8c7070c9ea4ce6ffe89fa98d6680b,dgm_SCOTUS__38d8c7070c9ea4ce6ffe89fa98d6680b
chiefjustices,chiefjustices,US Supreme Court Chief Justice,Washington,washington,US Supreme Court,,188285,,UsSupremeCourt,US Supreme Court Chief Justice,,dgm_SCOTUS,38d8c7070c9ea4ce6ffe89fa98d6680b,dgm_SCOTUS__38d8c7070c9ea4ce6ffe89fa98d6680b
the chief justice,the chief justice,US Supreme Court Chief Justice,Washington,washington,US Supreme Court,,188285,,UsSupremeCourt,US Supreme Court Chief Justice,,dgm_SCOTUS,38d8c7070c9ea4ce6ffe89fa98d6680b,dgm_SCOTUS__38d8c7070c9ea4ce6ffe89fa98d6680b
the chief justices,the chief justices,US Supreme Court Chief Justice,Washington,washington,US Supreme Court,,188285,,UsSupremeCourt,US Supreme Court Chief Justice,,dgm_SCOTUS,38d8c7070c9ea4ce6ffe89fa98d6680b,dgm_SCOTUS__38d8c7070c9ea4ce6ffe89fa98d6680b
chief justice,chief justice,US Supreme Court Chief Justice,Washington,washington,US Supreme Court,,188285,,UsSupremeCourt,US Supreme Court Chief Justice,,dgm_SCOTUS,38d8c7070c9ea4ce6ffe89fa98d6680b,dgm_SCOTUS__38d8c7070c9ea4ce6ffe89fa98d6680b
chief justices,chief justices,US Supreme Court Chief Justice,Washington,washington,US Supreme Court,,188285,,UsSupremeCourt,US Supreme Court Chief Justice,,dgm_SCOTUS,38d8c7070c9ea4ce6ffe89fa98d6680b,dgm_SCOTUS__38d8c7070c9ea4ce6ffe89fa98d6680b
supremecourtjustice,supremecourtjustice,US Supreme Court Justice,Washington,washington,US Supreme Court,,188285,,UsSupremeCourt,US Supreme Court Justice,,dgm_SCOTUS,2cbf8810179aad241c52c044607d8900,dgm_SCOTUS__2cbf8810179aad241c52c044607d8900
supremecourtjustices,supremecourtjustices,US Supreme Court Justice,Washington,washington,US Supreme Court,,188285,,UsSupremeCourt,US Supreme Court Justice,,dgm_SCOTUS,2cbf8810179aad241c52c044607d8900,dgm_SCOTUS__2cbf8810179aad241c52c044607d8900
the supreme court justice,the supreme court justice,US Supreme Court Justice,Washington,washington,US Supreme Court,,188285,,UsSupremeCourt,US Supreme Court Justice,,dgm_SCOTUS,2cbf8810179aad241c52c044607d8900,dgm_SCOTUS__2cbf8810179aad241c52c044607d8900
the supreme court justices,the supreme court justices,US Supreme Court Justice,Washington,washington,US Supreme Court,,188285,,UsSupremeCourt,US Supreme Court Justice,,dgm_SCOTUS,2cbf8810179aad241c52c044607d8900,dgm_SCOTUS__2cbf8810179aad241c52c044607d8900
supreme court justice,supreme court justice,US Supreme Court Justice,Washington,washington,US Supreme Court,,188285,,UsSupremeCourt,US Supreme Court Justice,,dgm_SCOTUS,2cbf8810179aad241c52c044607d8900,dgm_SCOTUS__2cbf8810179aad241c52c044607d8900
supreme court justices,supreme court justices,US Supreme Court Justice,Washington,washington,US Supreme Court,,188285,,UsSupremeCourt,US Supreme Court Justice,,dgm_SCOTUS,2cbf8810179aad241c52c044607d8900,dgm_SCOTUS__2cbf8810179aad241c52c044607d8900
scotus,scotus,US Supreme Court,Washington,washington,US Supreme Court,,188285,,UsSupremeCourt,US Supreme Court,,dgm_SCOTUS,ce7295478ae644e21c84f0af0de85069,dgm_SCOTUS__ce7295478ae644e21c84f0af0de85069
supremecourt,supremecourt,US Supreme Court,Washington,washington,US Supreme Court,,188285,,UsSupremeCourt,US Supreme Court,,dgm_SCOTUS,ce7295478ae644e21c84f0af0de85069,dgm_SCOTUS__ce7295478ae644e21c84f0af0de85069
the supreme court,the supreme court,US Supreme Court,Washington,washington,US Supreme Court,,188285,,UsSupremeCourt,US Supreme Court,,dgm_SCOTUS,ce7295478ae644e21c84f0af0de85069,dgm_SCOTUS__ce7295478ae644e21c84f0af0de85069
supreme court,supreme court,US Supreme Court,Washington,washington,US Supreme Court,,188285,,UsSupremeCourt,US Supreme Court,,dgm_SCOTUS,ce7295478ae644e21c84f0af0de85069,dgm_SCOTUS__ce7295478ae644e21c84f0af0de85069