handle,caption_name,location_lower,exclude_groups,Location,Entity Type,Related Entity,ENTITY_LABEL,name,description,source,source_identifier,global_identifier
vitalikbuterin,Ethereum Founder Vitalik Buterin,"moscow, russia",ethereum founder vitalik buterin,"Moscow, Russia",Influencer,Ethereum,Exec,Ethereum Founder Vitalik Buterin,,dgm_crypto_handles,d513e92f6266722c5fca689bdcf40c47,dgm_crypto_handles__d513e92f6266722c5fca689bdcf40c47
satoshilite,Litecoin Founder Charlie Lee,"new york, ny",litecoin founder charlie lee,"New York, NY",Influencer,Litecoin,Organization,Litecoin Founder Charlie Lee,,dgm_crypto_handles,bbb56e3aff0c59e3619a74734917905a,dgm_crypto_handles__bbb56e3aff0c59e3619a74734917905a
aantonop,Author Andreas Antonopoulos,"london, uk",author andreas antonopoulos,"London, UK",Influencer,Bitcoin,Legislator,Author Andreas Antonopoulos,,dgm_crypto_handles,8aa27ab971d4f04fc530c552060c3556,dgm_crypto_handles__8aa27ab971d4f04fc530c552060c3556
rogerkver,Bitcoin.com CEO Roger Ver,"san francisco, ca",bitcoin.com ceo roger ver,"San Francisco, CA",Influencer,Bitcoin Cash,Consulates,Bitcoin.com CEO Roger Ver,,dgm_crypto_handles,6ea70021fefaa433d459cdb65d03fafb,dgm_crypto_handles__6ea70021fefaa433d459cdb65d03fafb
justinsuntron,Tron Founder Justin Sun,"xining, china",tron founder justin sun,"Xining, China",Influencer,Tron,AAEntity,Tron Founder Justin Sun,,dgm_crypto_handles,7e0e38d7c1d1cdc21ed85cb54040a79c,dgm_crypto_handles__7e0e38d7c1d1cdc21ed85cb54040a79c
erikvoorhees,ShapeShift CEO Voorhees,"san francisco, ca",shapeshift ceo voorhees,"San Francisco, CA",Influencer,,Organization,ShapeShift CEO Voorhees,,dgm_crypto_handles,98f9e19b4cd63bc831fc22cbb45e8ab1,dgm_crypto_handles__98f9e19b4cd63bc831fc22cbb45e8ab1
cz_binance,Binance CEO Changpeng Zhao,"jiangsu, china",binance ceo changpeng zhao,"Jiangsu, China",Influencer,Binance,AAEntity,Binance CEO Changpeng Zhao,,dgm_crypto_handles,091260861f62c9bfd5d69514685a7a37,dgm_crypto_handles__091260861f62c9bfd5d69514685a7a37
brian_armstrong,Coinbase CEO Armstrong,"san francisco, ca",coinbase ceo armstrong,"San Francisco, CA",Influencer,Coinbase,ForeignMinistry,Coinbase CEO Armstrong,,dgm_crypto_handles,3ecc88cb4c171b07a64ff6e57681536d,dgm_crypto_handles__3ecc88cb4c171b07a64ff6e57681536d
nickszabo4,Computer scientist Nick Szabo,"san francisco, ca",computer scientist nick szabo,"San Francisco, CA",Influencer,,LegislativeCommittee,Computer scientist Nick Szabo,,dgm_crypto_handles,0888a471d806017c97b41e9dc45c5c37,dgm_crypto_handles__0888a471d806017c97b41e9dc45c5c37
apompliano,Morgan Creek Digital Partner Pompliano,"san francisco, ca",morgan creek digital partner pompliano,"San Francisco, CA",Influencer,,Organization,Morgan Creek Digital Partner Pompliano,,dgm_crypto_handles,e0140feff8fb0515212bc623b7004916,dgm_crypto_handles__e0140feff8fb0515212bc623b7004916
barrysilbert,Digital Currency Group CEO Silbert,"san francisco, ca",digital currency group ceo silbert,"San Francisco, CA",Influencer,Digital Currency Group,Refinery,Digital Currency Group CEO Silbert,,dgm_crypto_handles,35cb9eaeb59b078c7795f7ec78c8638e,dgm_crypto_handles__35cb9eaeb59b078c7795f7ec78c8638e
charlieshrem,Bitcoin Foundation Director Shrem,"san francisco, ca",bitcoin foundation director shrem,"San Francisco, CA",Influencer,,ForeignMinister,Bitcoin Foundation Director Shrem,,dgm_crypto_handles,386bf2a75969649c20dabd0d069d118a,dgm_crypto_handles__386bf2a75969649c20dabd0d069d118a
vinnylingham,CivicKey Found Lingham,"san francisco, ca",civickey found lingham,"San Francisco, CA",Influencer,CivicKey,Consulates,CivicKey Found Lingham,,dgm_crypto_handles,4eb2e0172028aff5fa6b9cc24aefff8e,dgm_crypto_handles__4eb2e0172028aff5fa6b9cc24aefff8e
jimmysong,Bitcoin developer Song,"san francisco, ca",bitcoin developer song,"San Francisco, CA",Influencer,,Refinery,Bitcoin developer Song,,dgm_crypto_handles,dbae8d6458846b6c976c970f80476385,dgm_crypto_handles__dbae8d6458846b6c976c970f80476385
balajis,Coinbase CTO Srinivasan,"san francisco, ca",coinbase cto srinivasan,"San Francisco, CA",Influencer,Coinbase,News,Coinbase CTO Srinivasan,,dgm_crypto_handles,61b5ea9af53dd0c6ca81dc6eefab87d1,dgm_crypto_handles__61b5ea9af53dd0c6ca81dc6eefab87d1
gavinandresen,Bitcoin developer Andresen,"hampshire, ma",bitcoin developer andresen,"Hampshire, MA",Influencer,,ForeignMinister,Bitcoin developer Andresen,,dgm_crypto_handles,b961325512b6bf3e213d08e5784c4a3f,dgm_crypto_handles__b961325512b6bf3e213d08e5784c4a3f
cryptocobain,Cryptocurrency investor CryptoCobain,"london, uk",cryptocurrency investor cryptocobain,"London, UK",Influencer,,space,Cryptocurrency investor CryptoCobain,,dgm_crypto_handles,2486d83a4932e2fadf01cd1beb12aac2,dgm_crypto_handles__2486d83a4932e2fadf01cd1beb12aac2
cburniske,PlaceholderVC Partner Burniske,"san francisco, ca",placeholdervc partner burniske,"San Francisco, CA",Influencer,,ForeignMinistry,PlaceholderVC Partner Burniske,,dgm_crypto_handles,a63edafa8db14b5043b8fb2e920faf84,dgm_crypto_handles__a63edafa8db14b5043b8fb2e920faf84
tylerwinklevoss,Gemini CEO Winklevoss,"new york, ny",gemini ceo winklevoss,"New York, NY",Influencer,Gemini,IndustryTerm,Gemini CEO Winklevoss,,dgm_crypto_handles,12d4c01e1ab47e547e05276141f6b994,dgm_crypto_handles__12d4c01e1ab47e547e05276141f6b994
maxkeiser,Keiser Report Host Keiser,"new rochelle, ny",keiser report host keiser,"New Rochelle, NY",Influencer,,space,Keiser Report Host Keiser,,dgm_crypto_handles,82dd3e75608b4cb58fd9c68e7de3cba0,dgm_crypto_handles__82dd3e75608b4cb58fd9c68e7de3cba0
novogratz,Galaxy Digital CEO Novogratz,"new york, ny",galaxy digital ceo novogratz,"New York, NY",Influencer,,News,Galaxy Digital CEO Novogratz,,dgm_crypto_handles,438dccc49f853bb02434d97b448b4538,dgm_crypto_handles__438dccc49f853bb02434d97b448b4538
woonomic,Cryptocurrency researcher Woo,"san francisco, ca",cryptocurrency researcher woo,"San Francisco, CA",Influencer,Galaxy Digital,ForeignMinistry,Cryptocurrency researcher Woo,,dgm_crypto_handles,4ebe1be0b6a5e0c5dc17697144cca54a,dgm_crypto_handles__4ebe1be0b6a5e0c5dc17697144cca54a
melt_dem,CoinShares CSO Demirors,"san francisco, ca",coinshares cso demirors,"San Francisco, CA",Influencer,,CompanyKeyword,CoinShares CSO Demirors,,dgm_crypto_handles,440ab3509e7c5d749b45bf537aa8d315,dgm_crypto_handles__440ab3509e7c5d749b45bf537aa8d315
arrington,TechCrunch Founder Arrington,"san francisco, ca",techcrunch founder arrington,"San Francisco, CA",Influencer,,News,TechCrunch Founder Arrington,,dgm_crypto_handles,ca26185b0160e17640d54b1a2acab74d,dgm_crypto_handles__ca26185b0160e17640d54b1a2acab74d
fluffypony,Monero Founder Spagni,"san francisco, ca",monero founder spagni,"San Francisco, CA",Influencer,,IndustryTerm,Monero Founder Spagni,,dgm_crypto_handles,000660a3cacf21c6ad3dbf10fad1e408,dgm_crypto_handles__000660a3cacf21c6ad3dbf10fad1e408
timdraper,Investor Tim Draper,"san francisco, ca",investor tim draper,"San Francisco, CA",Influencer,,ForeignMinister,Investor Tim Draper,,dgm_crypto_handles,fca3a74056976ebd7108bdcd798325ea,dgm_crypto_handles__fca3a74056976ebd7108bdcd798325ea
excellion,Blockstream CEO Mow,"san francisco, ca",blockstream ceo mow,"San Francisco, CA",Influencer,,Wells,Blockstream CEO Mow,,dgm_crypto_handles,8336ca29da512f22dd46c1e2964443b2,dgm_crypto_handles__8336ca29da512f22dd46c1e2964443b2
jihanwu,Bitmain co-founder Wu,"bejing, china",bitmain co-founder wu,"Bejing, China",Influencer,,Person,Bitmain co-founder Wu,,dgm_crypto_handles,9ebbdba076676fb90363cf4d12b3e2c8,dgm_crypto_handles__9ebbdba076676fb90363cf4d12b3e2c8
fehrsam,Coinbase Co-Founder Ehrsam,"san francisco, ca",coinbase co-founder ehrsam,"San Francisco, CA",Influencer,Coinbase,ForeignMinistry,Coinbase Co-Founder Ehrsam,,dgm_crypto_handles,503c6948779ea0e4337d023b6bef8b96,dgm_crypto_handles__503c6948779ea0e4337d023b6bef8b96
twobitidiot,MessariCrypto Founder Selkis,"new york, ny",messaricrypto founder selkis,"New York, NY",Influencer,,LegislativeCommittee,MessariCrypto Founder Selkis,,dgm_crypto_handles,3da6a41a9e1676f136f54df7011ea221,dgm_crypto_handles__3da6a41a9e1676f136f54df7011ea221
ethereumjoseph,ConsenSys Founder Lubin,"brooklyn, ny",consensys founder lubin,"Brooklyn, NY",Influencer,ConsenSys,Consulates,ConsenSys Founder Lubin,,dgm_crypto_handles,5cb1957d0bcffa43ac29b002e3d584e3,dgm_crypto_handles__5cb1957d0bcffa43ac29b002e3d584e3
zooko,ZCash Founder Zooko,"denver, colorado",zcash founder zooko,"Denver, Colorado",Influencer,ZCash,Shipping,ZCash Founder Zooko,,dgm_crypto_handles,d6c08d367a92c790948e84e13d682194,dgm_crypto_handles__d6c08d367a92c790948e84e13d682194
iohk_charles,Cardano Founder Hoskinson,"denver, colorado",cardano founder hoskinson,"Denver, Colorado",Influencer,Cardano,ForeignMinistry,Cardano Founder Hoskinson,,dgm_crypto_handles,093924e3adeb65e13b4830ac96eefe7b,dgm_crypto_handles__093924e3adeb65e13b4830ac96eefe7b
winklevoss,Gemini Co-Founder Cameron Winklevoss,"new york, ny",gemini co-founder cameron winklevoss,"New York, NY",Influencer,,AAEntity,Gemini Co-Founder Cameron Winklevoss,,dgm_crypto_handles,2b9f62257b144b50401b8d34bd12397f,dgm_crypto_handles__2b9f62257b144b50401b8d34bd12397f
cryptomanran,CNBC Crypto Trader Host Neuner,"cape town, south africa",cnbc crypto trader host neuner,"Cape Town, South Africa",Influencer,CNBC,Refinery,CNBC Crypto Trader Host Neuner,,dgm_crypto_handles,79939b618af7eec68a47a160f13dafef,dgm_crypto_handles__79939b618af7eec68a47a160f13dafef
neerajka,Coin Center Communications Director Neeraj,"new york, ny",coin center communications director neeraj,"New York, NY",Influencer,,ForeignMinistry,Coin Center Communications Director Neeraj,,dgm_crypto_handles,c2e088c7d0d6970f6a33cd9d9ed2a115,dgm_crypto_handles__c2e088c7d0d6970f6a33cd9d9ed2a115
cryptohayes,BitMEX CEO Hayes,"seattle, wa",bitmex ceo hayes,"Seattle, WA",Influencer,BitMEX,space,BitMEX CEO Hayes,,dgm_crypto_handles,fff1f44bce09c92daf842231cbcbba63,dgm_crypto_handles__fff1f44bce09c92daf842231cbcbba63
jgarzik,Bloq Inc Co-Founder Garzik,"san francisco, ca",bloq inc co-founder garzik,"San Francisco, CA",Influencer,,ForeignMinister,Bloq Inc Co-Founder Garzik,,dgm_crypto_handles,d867a632742c45a755db6c41d85074f4,dgm_crypto_handles__d867a632742c45a755db6c41d85074f4
cremedelacrypto,Blockchain Capital Partner Bogart,"san francisco, ca",blockchain capital partner bogart,"San Francisco, CA",Influencer,,space,Blockchain Capital Partner Bogart,,dgm_crypto_handles,eb4bc2decae83165ce3302e7b7aec37e,dgm_crypto_handles__eb4bc2decae83165ce3302e7b7aec37e
brucefenton,WatchDog Capital CEO Fenton,"concord, nh",watchdog capital ceo fenton,"Concord, NH",Influencer,,Exec,WatchDog Capital CEO Fenton,,dgm_crypto_handles,7bf3467c793a1f6d657c6bdfddb3b3d0,dgm_crypto_handles__7bf3467c793a1f6d657c6bdfddb3b3d0
cryptopathic,Cryptocurrency influencer Cryptopathic,"san francisco, ca",cryptocurrency influencer cryptopathic,"San Francisco, CA",Influencer,,Consulates,Cryptocurrency influencer Cryptopathic,,dgm_crypto_handles,97a80cb8dbd79cdb2e7d328aeb8bd5ff,dgm_crypto_handles__97a80cb8dbd79cdb2e7d328aeb8bd5ff
bgarlinghouse,Ripple CEO Garlinghouse,"san francisco, ca",ripple ceo garlinghouse,"San Francisco, CA",Influencer,Ripple,Consulates,Ripple CEO Garlinghouse,,dgm_crypto_handles,53b57d86dab9d0401755d5cde2c91bc6,dgm_crypto_handles__53b57d86dab9d0401755d5cde2c91bc6
fundstrat,FundStrat Co-Founder Lee,"new york, ny",fundstrat co-founder lee,"New York, NY",Influencer,,LegislativeCommittee,FundStrat Co-Founder Lee,,dgm_crypto_handles,f18ab7d28935323b8b3c8defa150d339,dgm_crypto_handles__f18ab7d28935323b8b3c8defa150d339
raoulgmi,RealVision CEO Pal,"london, uk",realvision ceo pal,"London, UK",Influencer,,space,RealVision CEO Pal,,dgm_crypto_handles,ba3482b3aef49ca0d87499cd056e1c66,dgm_crypto_handles__ba3482b3aef49ca0d87499cd056e1c66
zhusu,Three Arrows Capital CEO Zhu Su,"san francisco, ca",three arrows capital ceo zhu su,"San Francisco, CA",Influencer,,Organization,Three Arrows Capital CEO Zhu Su,,dgm_crypto_handles,828286067d7833151eedc9b0ddb66280,dgm_crypto_handles__828286067d7833151eedc9b0ddb66280
elonmusk,Tesla CEO Musk,"san francisco, ca",tesla ceo musk,"San Francisco, CA",Influencer,Tesla,Legislator,Tesla CEO Musk,,dgm_crypto_handles,aa016f55dff763ff6631760642aa6f9e,dgm_crypto_handles__aa016f55dff763ff6631760642aa6f9e
sbf_ftx,FTX CEO Bankman-Fried,"miami, fl",ftx ceo bankman-fried,"Miami, FL",Influencer,FTX Exchange,IndustryTerm,FTX CEO Bankman-Fried,,dgm_crypto_handles,66d2957e916e9025326d50e46662f19a,dgm_crypto_handles__66d2957e916e9025326d50e46662f19a
jerallaire,Circle CEO Allaire,"boston, ma",circle ceo allaire,"Boston, MA",Influencer,,ForeignMinister,Circle CEO Allaire,,dgm_crypto_handles,2ada3b73549a542018548a09f0390af3,dgm_crypto_handles__2ada3b73549a542018548a09f0390af3
adam3us,Cryptocurrency developer Back,"valletta, malta",cryptocurrency developer back,"Valletta, Malta",Influencer,,LegislativeCommittee,Cryptocurrency developer Back,,dgm_crypto_handles,705d4add3857acba2e5106629d06b241,dgm_crypto_handles__705d4add3857acba2e5106629d06b241
jack,Twitter CEO Dorsey,"san francisco, ca",twitter ceo dorsey,"San Francisco, CA",Influencer,"Twitter, Square",Organization,Twitter CEO Dorsey,,dgm_crypto_handles,2b71c3af354848c2ea8ef7b07e5b113e,dgm_crypto_handles__2b71c3af354848c2ea8ef7b07e5b113e
stevenacohen2,Point72 Founder Cohen,"greenwich, ct",point72 founder cohen,"Greenwich, CT",Hedge Fund Manager,"New York Mets, Point72",Refinery,Point72 Founder Cohen,,dgm_crypto_handles,8f43b94f3cd59d7f33a3db269f4148a5,dgm_crypto_handles__8f43b94f3cd59d7f33a3db269f4148a5
raydalio,Bridgewater Associates Founder Dalio,"new york, ny",bridgewater associates founder dalio,"New York, NY",Hedge Fund Manager,,Keyphrase,Bridgewater Associates Founder Dalio,,dgm_crypto_handles,596d2ab34d59d2a810cf6abcd9081c85,dgm_crypto_handles__596d2ab34d59d2a810cf6abcd9081c85
ptj_official,Tudor Investment Corporate Founder Paul Tudor Jones,"new york, ny",tudor investment corporate founder paul tudor jones,"New York, NY",Hedge Fund Manager,,LegislativeCommittee,Tudor Investment Corporate Founder Paul Tudor Jones,,dgm_crypto_handles,7c75fcf4b7efca93bb8b3349a3e355d4,dgm_crypto_handles__7c75fcf4b7efca93bb8b3349a3e355d4
carl_c_icahn,Icahn Enterprises Chairman Carl Icahn,"new york, ny",icahn enterprises chairman carl icahn,"New York, NY",Hedge Fund Manager,,News,Icahn Enterprises Chairman Carl Icahn,,dgm_crypto_handles,08cc9cfdff47b320627f9e6ee36d9098,dgm_crypto_handles__08cc9cfdff47b320627f9e6ee36d9098
petercwarren,Warren Capital Founder Peter Warren,"oslo, norway",warren capital founder peter warren,"Oslo, Norway",Hedge Fund Manager,,space,Warren Capital Founder Peter Warren,,dgm_crypto_handles,35bf9e280f89174f75f0a1fdc0e50e1f,dgm_crypto_handles__35bf9e280f89174f75f0a1fdc0e50e1f
mark_dow,Dow Global Advisors Founder Mark Dow,"laguna beach, ca",dow global advisors founder mark dow,"Laguna Beach, CA",Hedge Fund Manager,,Consulates,Dow Global Advisors Founder Mark Dow,,dgm_crypto_handles,9de809e8846ecda50c770f71881810ee,dgm_crypto_handles__9de809e8846ecda50c770f71881810ee
billackman,Pershing Square Capital Management CEO Ackman,"new york, ny",pershing square capital management ceo ackman,"New York, NY",Hedge Fund Manager,,Keyphrase,Pershing Square Capital Management CEO Ackman,,dgm_crypto_handles,6a68477ca667921bfb9f692c0e05afd4,dgm_crypto_handles__6a68477ca667921bfb9f692c0e05afd4
davidein,Greenlight Capitl President Einhorn,"new york, ny",greenlight capitl president einhorn,"New York, NY",Hedge Fund Manager,,Diplomat,Greenlight Capitl President Einhorn,,dgm_crypto_handles,e6c90d20714b6e569327d4c171737167,dgm_crypto_handles__e6c90d20714b6e569327d4c171737167
scaramucci,Skybridge Investments Founder Scaramucci,"long island, ny",skybridge investments founder scaramucci,"Long Island, NY",Hedge Fund Manager,,LegislativeCommittee,Skybridge Investments Founder Scaramucci,,dgm_crypto_handles,2e7c479d7fbea4b80a62166fd0fb47e1,dgm_crypto_handles__2e7c479d7fbea4b80a62166fd0fb47e1
bergencapital,Bergen Capital Founder Mike Bergen,"new york, ny",bergen capital founder mike bergen,"New York, NY",Hedge Fund Manager,,Keyphrase,Bergen Capital Founder Mike Bergen,,dgm_crypto_handles,40b255973c49c5841764ebaa76b85028,dgm_crypto_handles__40b255973c49c5841764ebaa76b85028
nic__carter,Cryptocurrency Analyst Nic Carter,"new york, ny",cryptocurrency analyst nic carter,"New York, NY",Cryptocurrency Analyst,,IndustryTerm,Cryptocurrency Analyst Nic Carter,,dgm_crypto_handles,aa04f50bddb110b837eab16d6844bc14,dgm_crypto_handles__aa04f50bddb110b837eab16d6844bc14
tonevays,Cryptocurrency Analyst Tone Vays,"las vegas, nv",cryptocurrency analyst tone vays,"Las Vegas, NV",Cryptocurrency Analyst,,ForeignMinister,Cryptocurrency Analyst Tone Vays,,dgm_crypto_handles,e22139ba1909cac0fdd96fee7bba1a15,dgm_crypto_handles__e22139ba1909cac0fdd96fee7bba1a15
venturecoinist,Cryptocurrency Analyst Luke Martin,"seattle, wa",cryptocurrency analyst luke martin,"Seattle, WA",Cryptocurrency Analyst,,DiplomaticFacilities,Cryptocurrency Analyst Luke Martin,,dgm_crypto_handles,a7c9d33a30ad5bc4bece1f05604fc1f3,dgm_crypto_handles__a7c9d33a30ad5bc4bece1f05604fc1f3
peterlbrandt,Investor Peter Brandt,"scotsdale, az",investor peter brandt,"Scotsdale, AZ",Cryptocurrency Analyst,,CompanyKeyword,Investor Peter Brandt,,dgm_crypto_handles,11b275c59566f8a8ea340b1c87beffe1,dgm_crypto_handles__11b275c59566f8a8ea340b1c87beffe1
travis_kling,Cryptocurrency Investor Travis Kling,"new york, ny",cryptocurrency investor travis kling,"New York, NY",Cryptocurrency Analyst,,Keyphrase,Cryptocurrency Investor Travis Kling,,dgm_crypto_handles,cc97bba200c359b9409400dd3db735f6,dgm_crypto_handles__cc97bba200c359b9409400dd3db735f6
muststopmurad,Cryptocurrency Investor Murad Mahmudov,"san francisco, ca",cryptocurrency investor murad mahmudov,"San Francisco, CA",Cryptocurrency Analyst,,Person,Cryptocurrency Investor Murad Mahmudov,,dgm_crypto_handles,5bac95fa371252d111d1a28da9951c69,dgm_crypto_handles__5bac95fa371252d111d1a28da9951c69
carpenoctom,Cryptocurrency Investor Josh Olszewicz,"san francisco, ca",cryptocurrency investor josh olszewicz,"San Francisco, CA",Cryptocurrency Analyst,,IndustryTerm,Cryptocurrency Investor Josh Olszewicz,,dgm_crypto_handles,b5f4b6b247f7ceff36a0a89e4e4e838f,dgm_crypto_handles__b5f4b6b247f7ceff36a0a89e4e4e838f
martybent,Bitcoin Investor Marty Bent,"san francisco, ca",bitcoin investor marty bent,"San Francisco, CA",Cryptocurrency Analyst,,ForeignMinistry,Bitcoin Investor Marty Bent,,dgm_crypto_handles,ec89d46dfa99fba6031e78d67d2cc3bf,dgm_crypto_handles__ec89d46dfa99fba6031e78d67d2cc3bf
100trillionusd,Bitcoin Personality Plan B,"san francisco, ca",bitcoin personality plan b,"San Francisco, CA",Cryptocurrency Analyst,,Organization,Bitcoin Personality Plan B,,dgm_crypto_handles,c6e504d8217d1cc93f91d4c1418583f3,dgm_crypto_handles__c6e504d8217d1cc93f91d4c1418583f3
opensea,OpenSea,"san francisco, ca",opensea,"San Francisco, CA",NFT Platform,,Refinery,OpenSea,,dgm_crypto_handles,c66c7f48ebd8a4287d879b26995a5edc,dgm_crypto_handles__c66c7f48ebd8a4287d879b26995a5edc
niftygateway,Nifty Gateway,"san francisco, ca",nifty gateway,"San Francisco, CA",NFT Platform,,ForeignMinistry,Nifty Gateway,,dgm_crypto_handles,49469cb6d1592bad4562e4db35068f0a,dgm_crypto_handles__49469cb6d1592bad4562e4db35068f0a
rariblecom,Rarible,"san francisco, ca",rarible,"San Francisco, CA",NFT Platform,,Wells,Rarible,,dgm_crypto_handles,743a3da7bde8a6c10723a57a8b83b64f,dgm_crypto_handles__743a3da7bde8a6c10723a57a8b83b64f
foundation_nft,Foundation,"san francisco, ca",foundation,"San Francisco, CA",NFT Platform,,FTO,Foundation,,dgm_crypto_handles,38bd01e5e83e1871245c68ea4ca0dae8,dgm_crypto_handles__38bd01e5e83e1871245c68ea4ca0dae8
techmeme,TechMeme,"san francisco, ca",techmeme,"San Francisco, CA",Tech Press,,Diplomat,TechMeme,,dgm_crypto_handles,a8616ba1742d45901a70f80fd0c033a6,dgm_crypto_handles__a8616ba1742d45901a70f80fd0c033a6
arstechnica,Ars Technica,"san francisco, ca",ars technica,"San Francisco, CA",Tech Press,,Media,Ars Technica,,dgm_crypto_handles,de63cf00f347db6f58b61190c98719f6,dgm_crypto_handles__de63cf00f347db6f58b61190c98719f6
techcrunch,TechCrunch,"san francisco, ca",techcrunch,"San Francisco, CA",Tech Press,,Consulates,TechCrunch,,dgm_crypto_handles,45e219f82e92a2a76f7665cd19d34e1e,dgm_crypto_handles__45e219f82e92a2a76f7665cd19d34e1e
engadget,Engadget,"san francisco, ca",engadget,"San Francisco, CA",Tech Press,,Pipeline,Engadget,,dgm_crypto_handles,b16125d48b4e7432c1d4b241a22970a7,dgm_crypto_handles__b16125d48b4e7432c1d4b241a22970a7
verge,The Verge,"san francisco, ca",the verge,"San Francisco, CA",Tech Press,,Pipeline,The Verge,,dgm_crypto_handles,a8e778872ffab82a1faf78ca6bd172a0,dgm_crypto_handles__a8e778872ffab82a1faf78ca6bd172a0
thenextweb,The Next Web,"san francisco, ca",the next web,"San Francisco, CA",Tech Press,,News,The Next Web,,dgm_crypto_handles,e88b30cb02acacfc849da8a5fda56652,dgm_crypto_handles__e88b30cb02acacfc849da8a5fda56652
pcworld,PC World,"san francisco, ca",pc world,"San Francisco, CA",Tech Press,,ForeignMinistry,PC World,,dgm_crypto_handles,b1d4cd34c13e66659cbb5f615b2723eb,dgm_crypto_handles__b1d4cd34c13e66659cbb5f615b2723eb
cnet,CNet,"san francisco, ca",cnet,"San Francisco, CA",Tech Press,,Legislator,CNet,,dgm_crypto_handles,53a5d81fc50210df89c527300459b731,dgm_crypto_handles__53a5d81fc50210df89c527300459b731
pcmag,PC Mag,"san francisco, ca",pc mag,"San Francisco, CA",Tech Press,,Exec,PC Mag,,dgm_crypto_handles,ad45a0f61e30c955181760d4e1bc0f84,dgm_crypto_handles__ad45a0f61e30c955181760d4e1bc0f84
techradar,Techradar,"san francisco, ca",techradar,"San Francisco, CA",Tech Press,,ForeignMinistry,Techradar,,dgm_crypto_handles,eb8557fa4da89143605495387f0d3212,dgm_crypto_handles__eb8557fa4da89143605495387f0d3212
voxmedia,Vox,"san francisco, ca",vox,"San Francisco, CA",Tech Press,,Shipping,Vox,,dgm_crypto_handles,baf069ea8ce565674e2bff0c0f0a069a,dgm_crypto_handles__baf069ea8ce565674e2bff0c0f0a069a
zdnet,ZDNet,"san francisco, ca",zdnet,"San Francisco, CA",Tech Press,,space,ZDNet,,dgm_crypto_handles,977e9df6eb4cb991723354f4b21239fb,dgm_crypto_handles__977e9df6eb4cb991723354f4b21239fb
techrepublic,TechRepublic,"san francisco, ca",techrepublic,"San Francisco, CA",Tech Press,,LegislativeCommittee,TechRepublic,,dgm_crypto_handles,fc1798eaea9046f2fa021f378d5a3434,dgm_crypto_handles__fc1798eaea9046f2fa021f378d5a3434
infoworld,InfoWorld,"san francisco, ca",infoworld,"San Francisco, CA",Tech Press,,News,InfoWorld,,dgm_crypto_handles,22a6ec4b2ca1687eebafdd51a0ac8e02,dgm_crypto_handles__22a6ec4b2ca1687eebafdd51a0ac8e02
theregister,The Register,"san francisco, ca",the register,"San Francisco, CA",Tech Press,,LegislativeCommittee,The Register,,dgm_crypto_handles,c4994adc518c45a26a94e197c170e09c,dgm_crypto_handles__c4994adc518c45a26a94e197c170e09c
siliconrepublic,Silicon Republic,"san francisco, ca",silicon republic,"San Francisco, CA",Tech Press,,space,Silicon Republic,,dgm_crypto_handles,61ce6b56a24d683c27fdeb1c5146e641,dgm_crypto_handles__61ce6b56a24d683c27fdeb1c5146e641
wired,Wired,"san francisco, ca",wired,"San Francisco, CA",Tech Press,,LegislativeCommittee,Wired,,dgm_crypto_handles,1a346a023e7001dff4c6467ce061e681,dgm_crypto_handles__1a346a023e7001dff4c6467ce061e681
recode,Recode,"san francisco, ca",recode,"San Francisco, CA",Tech Press,,Wells,Recode,,dgm_crypto_handles,31cae5501c2d10507583da529263bb2f,dgm_crypto_handles__31cae5501c2d10507583da529263bb2f
mashable,Mashable,"san francisco, ca",mashable,"San Francisco, CA",Tech Press,,space,Mashable,,dgm_crypto_handles,6e9ed8de173b056e9149edd14241945c,dgm_crypto_handles__6e9ed8de173b056e9149edd14241945c
slashdot,Slashdot,"san francisco, ca",slashdot,"San Francisco, CA",Tech Press,,Keyphrase,Slashdot,,dgm_crypto_handles,61ac1458d761423344998dc76770e36e,dgm_crypto_handles__61ac1458d761423344998dc76770e36e
venturebeat,VentureBeat,"san francisco, ca",venturebeat,"San Francisco, CA",Tech Press,,CompanyKeyword,VentureBeat,,dgm_crypto_handles,c298a9171480e1611388f62a09a5ab87,dgm_crypto_handles__c298a9171480e1611388f62a09a5ab87
gizmodo,Gizmodo,"san francisco, ca",gizmodo,"San Francisco, CA",Tech Press,,Refinery,Gizmodo,,dgm_crypto_handles,c469dfb502336532e432fae14fcbfa42,dgm_crypto_handles__c469dfb502336532e432fae14fcbfa42
hackernoon,HackerNoon,"san francisco, ca",hackernoon,"San Francisco, CA",Tech Press,,ForeignMinistry,HackerNoon,,dgm_crypto_handles,e97d1c1b0191960b2284031ddb197ffd,dgm_crypto_handles__e97d1c1b0191960b2284031ddb197ffd
theloop,The Loop,"san francisco, ca",the loop,"San Francisco, CA",Tech Press,,Exec,The Loop,,dgm_crypto_handles,dfbff773ac4b584898e40fb85e2aa1b6,dgm_crypto_handles__dfbff773ac4b584898e40fb85e2aa1b6
gigaom,GigaOm,"san francisco, ca",gigaom,"San Francisco, CA",Tech Press,,Pipeline,GigaOm,,dgm_crypto_handles,0ecfba1c8bda902aba5087d048d404eb,dgm_crypto_handles__0ecfba1c8bda902aba5087d048d404eb
pandodaily,Pando,"san francisco, ca",pando,"San Francisco, CA",Tech Press,,DiplomaticFacilities,Pando,,dgm_crypto_handles,28bcd91757d1a558bd9267067a31441b,dgm_crypto_handles__28bcd91757d1a558bd9267067a31441b
ledger,Cryptocurrency wallet Ledger,"san francisco, ca",cryptocurrency wallet ledger,"San Francisco, CA",Cryptocurrency Wallet,,space,Cryptocurrency wallet Ledger,,dgm_crypto_handles,c5c520b7aa0fdebcb660b74451d3d10b,dgm_crypto_handles__c5c520b7aa0fdebcb660b74451d3d10b
trezor,Cryptocurrency wallet Trezor,"san francisco, ca",cryptocurrency wallet trezor,"San Francisco, CA",Cryptocurrency Wallet,,Exec,Cryptocurrency wallet Trezor,,dgm_crypto_handles,01e9d05b6abd81452323649b785d159b,dgm_crypto_handles__01e9d05b6abd81452323649b785d159b
electrumwallet,Cryptocurrency wallet Electrum,"san francisco, ca",cryptocurrency wallet electrum,"San Francisco, CA",Cryptocurrency Wallet,,Keyphrase,Cryptocurrency wallet Electrum,,dgm_crypto_handles,ca13d9345f02f966ca452e5282f295a0,dgm_crypto_handles__ca13d9345f02f966ca452e5282f295a0
metamask,Cryptocurrency wallet Metamask,"san francisco, ca",cryptocurrency wallet metamask,"San Francisco, CA",Cryptocurrency Wallet,,Consulates,Cryptocurrency wallet Metamask,,dgm_crypto_handles,f09aa0771ef21b3d42c9b395689b8db6,dgm_crypto_handles__f09aa0771ef21b3d42c9b395689b8db6
gemini,Cryptocurrency exchange Gemini,"new york, ny",cryptocurrency exchange gemini,"New York, NY",Cryptocurrency exchange,,Person,Cryptocurrency exchange Gemini,,dgm_crypto_handles,b43ab5f50636f972977e78cec4671fe1,dgm_crypto_handles__b43ab5f50636f972977e78cec4671fe1
coinbase,Cryptocurrency exchange Coinbase,"san francisco, ca",cryptocurrency exchange coinbase,"San Francisco, CA",Cryptocurrency exchange,,AAEntity,Cryptocurrency exchange Coinbase,,dgm_crypto_handles,067e321c4f6906176b6d22dc513088c3,dgm_crypto_handles__067e321c4f6906176b6d22dc513088c3
bitmex,Cryptocurrency exchange BitMEX,"seattle, wa",cryptocurrency exchange bitmex,"Seattle, WA",Cryptocurrency exchange,,Refinery,Cryptocurrency exchange BitMEX,,dgm_crypto_handles,218a8764b89e50c409873f024add22ec,dgm_crypto_handles__218a8764b89e50c409873f024add22ec
binanceus,Cryptocurrency exchange Binance,"san francisco, ca",cryptocurrency exchange binance,"San Francisco, CA",Cryptocurrency exchange,,Refinery,Cryptocurrency exchange Binance,,dgm_crypto_handles,dfbf881901a7e005ffa0ee7bfc6158f0,dgm_crypto_handles__dfbf881901a7e005ffa0ee7bfc6158f0
etoro,Cryptocurrency exchange eToro,"tel aviv, israel",cryptocurrency exchange etoro,"Tel Aviv, Israel",Cryptocurrency exchange,,FTO,Cryptocurrency exchange eToro,,dgm_crypto_handles,745f4c94a2fd46198954f5f2407de294,dgm_crypto_handles__745f4c94a2fd46198954f5f2407de294
ftx_official,Cryptocurrency exchange FTX,"miami, fl",cryptocurrency exchange ftx,"Miami, FL",Cryptocurrency exchange,,Organization,Cryptocurrency exchange FTX,,dgm_crypto_handles,2378acf648c8968713aa883b171d0346,dgm_crypto_handles__2378acf648c8968713aa883b171d0346
blockfi,Cryptocurrency lending platform BlockFi,"jersey city, nj",cryptocurrency lending platform blockfi,"Jersey City, NJ",Cryptocurrency exchange,,Refinery,Cryptocurrency lending platform BlockFi,,dgm_crypto_handles,b92c08ed91010d8adfddb061d263d55e,dgm_crypto_handles__b92c08ed91010d8adfddb061d263d55e
antpoolofficial,Cryptocurrency mining pool Antpool,"bejing, china",cryptocurrency mining pool antpool,"Bejing, China",Mining Pool,,Person,Cryptocurrency mining pool Antpool,,dgm_crypto_handles,5f60d5e0db2ea5aaf22a88a9b902deae,dgm_crypto_handles__5f60d5e0db2ea5aaf22a88a9b902deae
foundryservices,Cryptocurrency mining pool Foundry USA,"new york, ny",cryptocurrency mining pool foundry usa,"New York, NY",Mining Pool,,ForeignMinister,Cryptocurrency mining pool Foundry USA,,dgm_crypto_handles,4bc141b98be33b350275bef0e6ca81cc,dgm_crypto_handles__4bc141b98be33b350275bef0e6ca81cc
binance,Cryptocurrency exchange Binance,"mahé, seychelles",cryptocurrency exchange binance,"Mahé, Seychelles",Exchange,,Media,Cryptocurrency exchange Binance,,dgm_crypto_handles,dfbf881901a7e005ffa0ee7bfc6158f0,dgm_crypto_handles__dfbf881901a7e005ffa0ee7bfc6158f0
coinbase,Cryptocurrency exchange Coinbase,"san francisco, ca",cryptocurrency exchange coinbase,"San Francisco, CA",Exchange,,Exec,Cryptocurrency exchange Coinbase,,dgm_crypto_handles,067e321c4f6906176b6d22dc513088c3,dgm_crypto_handles__067e321c4f6906176b6d22dc513088c3
huobiglobal,Cryptocurrency exchange Huobi,"mahé, seychelles",cryptocurrency exchange huobi,"Mahé, Seychelles",Exchange,,Diplomat,Cryptocurrency exchange Huobi,,dgm_crypto_handles,38f3a01e77f98ac1684404023448a215,dgm_crypto_handles__38f3a01e77f98ac1684404023448a215
ftx_official,Cryptocurrency exchange FTX,"san francisco, ca",cryptocurrency exchange ftx,"San Francisco, CA",Exchange,,FTO,Cryptocurrency exchange FTX,,dgm_crypto_handles,2378acf648c8968713aa883b171d0346,dgm_crypto_handles__2378acf648c8968713aa883b171d0346
krakenfx,Cryptocurrency exchange Kraken,"seattle, wa",cryptocurrency exchange kraken,"Seattle, WA",Exchange,,AAEntity,Cryptocurrency exchange Kraken,,dgm_crypto_handles,d2ec6c5f77dabad76960a29dc215e351,dgm_crypto_handles__d2ec6c5f77dabad76960a29dc215e351
kucoincom,Cryptocurrency exchange KuCoin,"singapore, singapore",cryptocurrency exchange kucoin,"Singapore, Singapore",Exchange,,ForeignMinister,Cryptocurrency exchange KuCoin,,dgm_crypto_handles,6ccc8f794e40de9c309a11abbfac0dd9,dgm_crypto_handles__6ccc8f794e40de9c309a11abbfac0dd9
bithumbofficial,Cryptocurrency exchange Bithumb,"seoul, korea",cryptocurrency exchange bithumb,"Seoul, Korea",Exchange,,Person,Cryptocurrency exchange Bithumb,,dgm_crypto_handles,7224fe394101bd0c6f149a4ce7e16e12,dgm_crypto_handles__7224fe394101bd0c6f149a4ce7e16e12
bitfinex,Cryptocurrency exchange Bitfinex,hong kong,cryptocurrency exchange bitfinex,Hong Kong,Exchange,,ForeignMinistry,Cryptocurrency exchange Bitfinex,,dgm_crypto_handles,0314afb9e36163544cf92be99cc58e61,dgm_crypto_handles__0314afb9e36163544cf92be99cc58e61
binanceus,Cryptocurrency exchange Binance.US,"san francisco, ca",cryptocurrency exchange binance.us,"San Francisco, CA",Exchange,,Diplomat,Cryptocurrency exchange Binance.US,,dgm_crypto_handles,0f2ad3a47dacb0e02633e7170ea415aa,dgm_crypto_handles__0f2ad3a47dacb0e02633e7170ea415aa
gate_io,Cryptocurrency exchange Gate.io,"majuro, marshall islands",cryptocurrency exchange gate.io,"Majuro, Marshall Islands",Exchange,,Keyphrase,Cryptocurrency exchange Gate.io,,dgm_crypto_handles,bca257ada6d48749556593639cbcbdc2,dgm_crypto_handles__bca257ada6d48749556593639cbcbdc2
bitstamp,Cryptocurrency exchange Bitstamp,"london, uk",cryptocurrency exchange bitstamp,"London, UK",Exchange,,FTO,Cryptocurrency exchange Bitstamp,,dgm_crypto_handles,4bac5fc059ade05b2be5461732231ad1,dgm_crypto_handles__4bac5fc059ade05b2be5461732231ad1
coinoneofficial,Cryptocurrency exchange Coinone,"seoul, korea",cryptocurrency exchange coinone,"Seoul, Korea",Exchange,,Diplomat,Cryptocurrency exchange Coinone,,dgm_crypto_handles,fba72b3ebaf2005cecd479d0abfd10d6,dgm_crypto_handles__fba72b3ebaf2005cecd479d0abfd10d6
bittrexexchange,Cryptocurrency exchange Bittrex,"las vegas, nv",cryptocurrency exchange bittrex,"Las Vegas, NV",Exchange,,Legislator,Cryptocurrency exchange Bittrex,,dgm_crypto_handles,b543837edcfda9b20c6dca5cd520829a,dgm_crypto_handles__b543837edcfda9b20c6dca5cd520829a
bitflyer,Cryptocurrency exchange bitFlyer,"tokyo, japan",cryptocurrency exchange bitflyer,"Tokyo, Japan",Exchange,,ForeignMinistry,Cryptocurrency exchange bitFlyer,,dgm_crypto_handles,2cd0575a0104aa7725c1f08094e0d45b,dgm_crypto_handles__2cd0575a0104aa7725c1f08094e0d45b
gemini,Cryptocurrency exchange Gemini,"new york, ny",cryptocurrency exchange gemini,"New York, NY",Exchange,,CompanyKeyword,Cryptocurrency exchange Gemini,,dgm_crypto_handles,b43ab5f50636f972977e78cec4671fe1,dgm_crypto_handles__b43ab5f50636f972977e78cec4671fe1
poloniex,Cryptocurrency exchange Poloniex,"wilmington, de",cryptocurrency exchange poloniex,"Wilmington, DE",Exchange,,Person,Cryptocurrency exchange Poloniex,,dgm_crypto_handles,b8b7709ff776b30d2ea3449355527857,dgm_crypto_handles__b8b7709ff776b30d2ea3449355527857
ftx_us,Cryptocurrency exchange FTX US,"san francisco, ca",cryptocurrency exchange ftx us,"San Francisco, CA",Exchange,,Pipeline,Cryptocurrency exchange FTX US,,dgm_crypto_handles,8cc4fc0ff22966a8c3c3c43311305b5b,dgm_crypto_handles__8cc4fc0ff22966a8c3c3c43311305b5b
okex,Cryptocurrency exchange OKEx,"mahé, seychelles",cryptocurrency exchange okex,"Mahé, Seychelles",Exchange,,FTO,Cryptocurrency exchange OKEx,,dgm_crypto_handles,03e956d39787bc5777d0ff642fc073f9,dgm_crypto_handles__03e956d39787bc5777d0ff642fc073f9
cryptocom,Cryptocurrency exchange Crypto.com,hong kong,cryptocurrency exchange crypto.com,Hong Kong,Exchange,,DiplomaticFacilities,Cryptocurrency exchange Crypto.com,,dgm_crypto_handles,1f77b9575f67757729d3923bd76b7266,dgm_crypto_handles__1f77b9575f67757729d3923bd76b7266
coincheckjp,Cryptocurrency exchange Coincheck,"tokyo, japan",cryptocurrency exchange coincheck,"Tokyo, Japan",Exchange,,Exec,Cryptocurrency exchange Coincheck,,dgm_crypto_handles,301a98da079c6ff63988616c9d054493,dgm_crypto_handles__301a98da079c6ff63988616c9d054493
korbit_official,Cryptocurrency exchange Korbit,"seoul, korea",cryptocurrency exchange korbit,"Seoul, Korea",Exchange,,Person,Cryptocurrency exchange Korbit,,dgm_crypto_handles,62c3a17049eec92dd9d1413784dc19e5,dgm_crypto_handles__62c3a17049eec92dd9d1413784dc19e5
ascendex_global,Cryptocurrency exchange AscendEX,"singapore, singapore",cryptocurrency exchange ascendex,"Singapore, Singapore",Exchange,,FTO,Cryptocurrency exchange AscendEX,,dgm_crypto_handles,8abdf46c5fe06c17ee90d54b819621ac,dgm_crypto_handles__8abdf46c5fe06c17ee90d54b819621ac
zaifdotjp,Cryptocurrency exchange Zaif,"osaka, japan",cryptocurrency exchange zaif,"Osaka, Japan",Exchange,,Exec,Cryptocurrency exchange Zaif,,dgm_crypto_handles,14df5ac24535e55b4ac0c6c4708d9137,dgm_crypto_handles__14df5ac24535e55b4ac0c6c4708d9137
upbitglobal,Cryptocurrency exchange Upbit,"seoul, korea",cryptocurrency exchange upbit,"Seoul, Korea",Exchange,,Pipeline,Cryptocurrency exchange Upbit,,dgm_crypto_handles,0fba2ef46c327c935cedaa487994c30c,dgm_crypto_handles__0fba2ef46c327c935cedaa487994c30c
huobi_korea,Cryptocurrency exchange Huobi Korea,"seoul, korea",cryptocurrency exchange huobi korea,"Seoul, Korea",Exchange,,Refinery,Cryptocurrency exchange Huobi Korea,,dgm_crypto_handles,a7b8c73b47e8c6b4ab5927b0dba8718a,dgm_crypto_handles__a7b8c73b47e8c6b4ab5927b0dba8718a
wazirxindia,Cryptocurrency exchange WazirX,"new delhi, india",cryptocurrency exchange wazirx,"New Delhi, India",Exchange,,Pipeline,Cryptocurrency exchange WazirX,,dgm_crypto_handles,d2182e5452042b9284432e7bf7cef1b6,dgm_crypto_handles__d2182e5452042b9284432e7bf7cef1b6
probit_exchange,Cryptocurrency exchange ProBit,"seoul, korea",cryptocurrency exchange probit,"Seoul, Korea",Exchange,,Shipping,Cryptocurrency exchange ProBit,,dgm_crypto_handles,bc201d60e6265d9b521a293449062414,dgm_crypto_handles__bc201d60e6265d9b521a293449062414
indodax,Cryptocurrency exchange Indodax,"sumur bandung, indonesia",cryptocurrency exchange indodax,"Sumur Bandung, Indonesia",Exchange,,Media,Cryptocurrency exchange Indodax,,dgm_crypto_handles,ba09ed75e6b76861333d8c79843e0c87,dgm_crypto_handles__ba09ed75e6b76861333d8c79843e0c87
zb_group,Cryptocurrency exchange ZB.COM,hong kong,cryptocurrency exchange zb.com,Hong Kong,Exchange,,Exec,Cryptocurrency exchange ZB.COM,,dgm_crypto_handles,0594002924be8fec44259ded39b56f6e,dgm_crypto_handles__0594002924be8fec44259ded39b56f6e
etoro,Cryptocurrency exchange eToroX,"tel aviv, israel",cryptocurrency exchange etorox,"Tel Aviv, Israel",Exchange,,IndustryTerm,Cryptocurrency exchange eToroX,,dgm_crypto_handles,e2974d45c74b79ee6c03d1f4d42adf96,dgm_crypto_handles__e2974d45c74b79ee6c03d1f4d42adf96
blockchain,Cryptocurrency exchange Blockchain.com,"luxembourg city, ‎luxembourg‎",cryptocurrency exchange blockchain.com,"Luxembourg City, ‎Luxembourg‎",Exchange,,Shipping,Cryptocurrency exchange Blockchain.com,,dgm_crypto_handles,b513cec98d69e1dc7f3a2820de08969e,dgm_crypto_handles__b513cec98d69e1dc7f3a2820de08969e
okcoin,Cryptocurrency exchange Okcoin,"san francisco, ca",cryptocurrency exchange okcoin,"San Francisco, CA",Exchange,,Shipping,Cryptocurrency exchange Okcoin,,dgm_crypto_handles,453f036b2d82ec1c9dd7f2f115a7bcb1,dgm_crypto_handles__453f036b2d82ec1c9dd7f2f115a7bcb1
bithumbofficial,Cryptocurrency exchange Bithumb,"seoul, korea",cryptocurrency exchange bithumb,"Seoul, Korea",Exchange,,FTO,Cryptocurrency exchange Bithumb,,dgm_crypto_handles,7224fe394101bd0c6f149a4ce7e16e12,dgm_crypto_handles__7224fe394101bd0c6f149a4ce7e16e12
xtexchange,Cryptocurrency exchange XT.COM,hong kong,cryptocurrency exchange xt.com,Hong Kong,Exchange,,Organization,Cryptocurrency exchange XT.COM,,dgm_crypto_handles,cf43bec2e6bcf2519bd2426dbe00aadc,dgm_crypto_handles__cf43bec2e6bcf2519bd2426dbe00aadc
tokocrypto,Cryptocurrency exchange Tokocrypto,"tokyo, japan",cryptocurrency exchange tokocrypto,"Tokyo, Japan",Exchange,,Refinery,Cryptocurrency exchange Tokocrypto,,dgm_crypto_handles,597080c88b26017d3453461c14a4d28f,dgm_crypto_handles__597080c88b26017d3453461c14a4d28f
btcturkpro,Cryptocurrency exchange BtcTurk,"istanbul, turkey",cryptocurrency exchange btcturk,"Istanbul, Turkey",Exchange,,Keyphrase,Cryptocurrency exchange BtcTurk,,dgm_crypto_handles,fc87b3f917a573597923bc8753982b18,dgm_crypto_handles__fc87b3f917a573597923bc8753982b18
coinlist,Cryptocurrency exchange Coinlist Pro,"san francisco, ca",cryptocurrency exchange coinlist pro,"San Francisco, CA",Exchange,,ForeignMinistry,Cryptocurrency exchange Coinlist Pro,,dgm_crypto_handles,040445029808d3b2c9735f30569425b9,dgm_crypto_handles__040445029808d3b2c9735f30569425b9
bitvavocom,Cryptocurrency exchange Bitvavo,"amsterdam, netherlands",cryptocurrency exchange bitvavo,"Amsterdam, Netherlands",Exchange,,Keyphrase,Cryptocurrency exchange Bitvavo,,dgm_crypto_handles,84f16f8b9e59e231a48703e50ebdd43f,dgm_crypto_handles__84f16f8b9e59e231a48703e50ebdd43f
wootradeindia,Cryptocurrency exchange Wootrade,"seoul, korea",cryptocurrency exchange wootrade,"Seoul, Korea",Exchange,,IndustryTerm,Cryptocurrency exchange Wootrade,,dgm_crypto_handles,58d7435cd12a5dd8c2a15ffb654d1e8b,dgm_crypto_handles__58d7435cd12a5dd8c2a15ffb654d1e8b
bitbank_inc,Cryptocurrency exchange Bitbank,"seoul, korea",cryptocurrency exchange bitbank,"Seoul, Korea",Exchange,,Wells,Cryptocurrency exchange Bitbank,,dgm_crypto_handles,a690f9b75678fbdb0b21054592348987,dgm_crypto_handles__a690f9b75678fbdb0b21054592348987
bitfront_global,Cryptocurrency exchange Bitfront,"vendelsö, sweden",cryptocurrency exchange bitfront,"Vendelsö, Sweden",Exchange,,IndustryTerm,Cryptocurrency exchange Bitfront,,dgm_crypto_handles,01ee0a964fb7ed9daf2fe1f1f9f44298,dgm_crypto_handles__01ee0a964fb7ed9daf2fe1f1f9f44298
coinexcom,Cryptocurrency exchange CoinEx,"seoul, korea",cryptocurrency exchange coinex,"Seoul, Korea",Exchange,,AAEntity,Cryptocurrency exchange CoinEx,,dgm_crypto_handles,2719ed48f815f4758e3445c35a0365fc,dgm_crypto_handles__2719ed48f815f4758e3445c35a0365fc
bitwellglobal,Cryptocurrency exchange BitWell,"san francisco, ca",cryptocurrency exchange bitwell,"San Francisco, CA",Exchange,,Exec,Cryptocurrency exchange BitWell,,dgm_crypto_handles,6ef93d8175158cad899ec2c5336ba295,dgm_crypto_handles__6ef93d8175158cad899ec2c5336ba295
cex_io,Cryptocurrency exchange CEX.IO,"london, uk",cryptocurrency exchange cex.io,"London, UK",Exchange,,space,Cryptocurrency exchange CEX.IO,,dgm_crypto_handles,b959f9832843abf485ac24cefa1b4b2f,dgm_crypto_handles__b959f9832843abf485ac24cefa1b4b2f
bitkubofficial,Cryptocurrency exchange Bitkub,"seoul, korea",cryptocurrency exchange bitkub,"Seoul, Korea",Exchange,,Legislator,Cryptocurrency exchange Bitkub,,dgm_crypto_handles,e31ea1c041b5e0a928a6d34d56885c00,dgm_crypto_handles__e31ea1c041b5e0a928a6d34d56885c00
lbank_exchange,Cryptocurrency exchange LBank,"san francisco, ca",cryptocurrency exchange lbank,"San Francisco, CA",Exchange,,AAEntity,Cryptocurrency exchange LBank,,dgm_crypto_handles,899da1ea03ee9c2aafee874d61d8f231,dgm_crypto_handles__899da1ea03ee9c2aafee874d61d8f231
gokumarket,Cryptocurrency exchange GokuMarket,"seoul, korea",cryptocurrency exchange gokumarket,"Seoul, Korea",Exchange,,Consulates,Cryptocurrency exchange GokuMarket,,dgm_crypto_handles,dacfb21cd26749cd89f55f3d77e29e16,dgm_crypto_handles__dacfb21cd26749cd89f55f3d77e29e16
bitexencom,Cryptocurrency exchange Bitexen,"seoul, korea",cryptocurrency exchange bitexen,"Seoul, Korea",Exchange,,Shipping,Cryptocurrency exchange Bitexen,,dgm_crypto_handles,7a6e56c055a7590e0a6038f1cb8b5df1,dgm_crypto_handles__7a6e56c055a7590e0a6038f1cb8b5df1
currencycom,Cryptocurrency exchange Currency.com,"san francisco, ca",cryptocurrency exchange currency.com,"San Francisco, CA",Exchange,,ForeignMinister,Cryptocurrency exchange Currency.com,,dgm_crypto_handles,d642bf124e7c0aef62454461e410b70e,dgm_crypto_handles__d642bf124e7c0aef62454461e410b70e
coindcx,Cryptocurrency exchange CoinDCX,"mumbai, india",cryptocurrency exchange coindcx,"Mumbai, India",Exchange,,LegislativeCommittee,Cryptocurrency exchange CoinDCX,,dgm_crypto_handles,c834bcd970de6e60e2c61bb13ac49208,dgm_crypto_handles__c834bcd970de6e60e2c61bb13ac49208
eqonex,Cryptocurrency exchange EQONEX,"seoul, korea",cryptocurrency exchange eqonex,"Seoul, Korea",Exchange,,Pipeline,Cryptocurrency exchange EQONEX,,dgm_crypto_handles,d6e418de042fa102f74f9475a07d6fb0,dgm_crypto_handles__d6e418de042fa102f74f9475a07d6fb0
aaxexchange,Cryptocurrency exchange AAX,"seoul, korea",cryptocurrency exchange aax,"Seoul, Korea",Exchange,,LegislativeCommittee,Cryptocurrency exchange AAX,,dgm_crypto_handles,33606b28f6ccd5000330e2f85316ae77,dgm_crypto_handles__33606b28f6ccd5000330e2f85316ae77
exmo_com,Cryptocurrency exchange EXMO,"london, uk",cryptocurrency exchange exmo,"London, UK",Exchange,,Legislator,Cryptocurrency exchange EXMO,,dgm_crypto_handles,fd3884b2387d014ab17faf6b925f369c,dgm_crypto_handles__fd3884b2387d014ab17faf6b925f369c
dextrade_,Cryptocurrency exchange Dex-Trade,"santiago, chile",cryptocurrency exchange dex-trade,"Santiago, Chile",Exchange,,Pipeline,Cryptocurrency exchange Dex-Trade,,dgm_crypto_handles,1174363b27edabe584e59c574b1dd9cc,dgm_crypto_handles__1174363b27edabe584e59c574b1dd9cc
hitbtc,Cryptocurrency exchange HitBTC,"seoul, korea",cryptocurrency exchange hitbtc,"Seoul, Korea",Exchange,,Consulates,Cryptocurrency exchange HitBTC,,dgm_crypto_handles,5e96c21b1f169978621c887e11a045f7,dgm_crypto_handles__5e96c21b1f169978621c887e11a045f7
paritexexchange,Cryptocurrency exchange Paritex,"istanbul, turkey",cryptocurrency exchange paritex,"Istanbul, Turkey",Exchange,,Refinery,Cryptocurrency exchange Paritex,,dgm_crypto_handles,0b89a34930da261e864691addd58a8f4,dgm_crypto_handles__0b89a34930da261e864691addd58a8f4
bigoneexchange,Cryptocurrency exchange BigONE,"seoul, korea",cryptocurrency exchange bigone,"Seoul, Korea",Exchange,,Diplomat,Cryptocurrency exchange BigONE,,dgm_crypto_handles,9c170d7fe31e8555e659bbb6f8df7827,dgm_crypto_handles__9c170d7fe31e8555e659bbb6f8df7827
itbit,Cryptocurrency exchange itBit,"new york, ny",cryptocurrency exchange itbit,"New York, NY",Exchange,,ForeignMinistry,Cryptocurrency exchange itBit,,dgm_crypto_handles,ab3957f3aba42e74092537c358e521cb,dgm_crypto_handles__ab3957f3aba42e74092537c358e521cb
coinbitsapp,Cryptocurrency exchange Coinbit,"trenton, nj",cryptocurrency exchange coinbit,"Trenton, NJ",Exchange,,Refinery,Cryptocurrency exchange Coinbit,,dgm_crypto_handles,fff52309c21bf557eb81cda8349dfada,dgm_crypto_handles__fff52309c21bf557eb81cda8349dfada
cryptologyag,Cryptocurrency exchange Cryptology,"san francisco, ca",cryptocurrency exchange cryptology,"San Francisco, CA",Exchange,,Shipping,Cryptocurrency exchange Cryptology,,dgm_crypto_handles,b96f44bb2dc4eaf7ca7bde5d0a3a17f6,dgm_crypto_handles__b96f44bb2dc4eaf7ca7bde5d0a3a17f6
lunoglobal,Cryptocurrency exchange Luno,"san francisco, ca",cryptocurrency exchange luno,"San Francisco, CA",Exchange,,LegislativeCommittee,Cryptocurrency exchange Luno,,dgm_crypto_handles,bf60306aed6cb9e30e2883ec245fed8e,dgm_crypto_handles__bf60306aed6cb9e30e2883ec245fed8e
gopax_com,Cryptocurrency exchange GOPAX,"valletta, malta",cryptocurrency exchange gopax,"Valletta, Malta",Exchange,,Legislator,Cryptocurrency exchange GOPAX,,dgm_crypto_handles,1611d76b5aa65148028a27a07f3d658c,dgm_crypto_handles__1611d76b5aa65148028a27a07f3d658c
coinsbitindia,Cryptocurrency exchange Coinsbit,"new delhi, india",cryptocurrency exchange coinsbit,"New Delhi, India",Exchange,,CompanyKeyword,Cryptocurrency exchange Coinsbit,,dgm_crypto_handles,12de4322021f57482672ec6d5e8ebc7c,dgm_crypto_handles__12de4322021f57482672ec6d5e8ebc7c
hanbitcokr,Cryptocurrency exchange Hanbitco,"seoul, korea",cryptocurrency exchange hanbitco,"Seoul, Korea",Exchange,,ForeignMinistry,Cryptocurrency exchange Hanbitco,,dgm_crypto_handles,747a46f91922baa5185e67f62d9e4b94,dgm_crypto_handles__747a46f91922baa5185e67f62d9e4b94
b2bx_exchange,Cryptocurrency exchange B2BX,"seoul, korea",cryptocurrency exchange b2bx,"Seoul, Korea",Exchange,,Shipping,Cryptocurrency exchange B2BX,,dgm_crypto_handles,a88995b7360103de4dfbcb68f4a1f6e1,dgm_crypto_handles__a88995b7360103de4dfbcb68f4a1f6e1
azbit_news,Cryptocurrency exchange Azbit,"san francisco, ca",cryptocurrency exchange azbit,"San Francisco, CA",Exchange,,Shipping,Cryptocurrency exchange Azbit,,dgm_crypto_handles,a0bceb47f8ff92da33251a772b5883d3,dgm_crypto_handles__a0bceb47f8ff92da33251a772b5883d3
kickexcom,Cryptocurrency exchange KickEX,"seoul, korea",cryptocurrency exchange kickex,"Seoul, Korea",Exchange,,space,Cryptocurrency exchange KickEX,,dgm_crypto_handles,8759d99bf587eafd2bb937e3e59f6ceb,dgm_crypto_handles__8759d99bf587eafd2bb937e3e59f6ceb
bitrueofficial,Cryptocurrency exchange Bitrue,"seoul, korea",cryptocurrency exchange bitrue,"Seoul, Korea",Exchange,,ForeignMinister,Cryptocurrency exchange Bitrue,,dgm_crypto_handles,7acd3798cb23d8cc290c5c3bd69e7fda,dgm_crypto_handles__7acd3798cb23d8cc290c5c3bd69e7fda
zipmex,Cryptocurrency exchange Zipmex,"singapore, singapore",cryptocurrency exchange zipmex,"Singapore, Singapore",Exchange,,LegislativeCommittee,Cryptocurrency exchange Zipmex,,dgm_crypto_handles,38d8225fc7ef59b35cb9994e4794e0a6,dgm_crypto_handles__38d8225fc7ef59b35cb9994e4794e0a6
pionex_com,Cryptocurrency exchange Pionex,"san jose, ca",cryptocurrency exchange pionex,"San Jose, CA",Exchange,,Keyphrase,Cryptocurrency exchange Pionex,,dgm_crypto_handles,bd51e1b9636cc547ea1c90778bfd2e90,dgm_crypto_handles__bd51e1b9636cc547ea1c90778bfd2e90
zebpay,Cryptocurrency exchange ZebPay,"docklands, au",cryptocurrency exchange zebpay,"Docklands, AU",Exchange,,IndustryTerm,Cryptocurrency exchange ZebPay,,dgm_crypto_handles,e3374b7fc24e84734f211ed8b7400d49,dgm_crypto_handles__e3374b7fc24e84734f211ed8b7400d49
ex_markets,Cryptocurrency exchange ExMarkets,"seoul, korea",cryptocurrency exchange exmarkets,"Seoul, Korea",Exchange,,space,Cryptocurrency exchange ExMarkets,,dgm_crypto_handles,1d9514ae2ae1a99fc209711681aa8676,dgm_crypto_handles__1d9514ae2ae1a99fc209711681aa8676
bitbns,Cryptocurrency exchange Bitbns,"bengaluru, india",cryptocurrency exchange bitbns,"Bengaluru, India",Exchange,,Diplomat,Cryptocurrency exchange Bitbns,,dgm_crypto_handles,02075ac94f32f067363de2e1f5f4a7bb,dgm_crypto_handles__02075ac94f32f067363de2e1f5f4a7bb
omgfin,Cryptocurrency exchange Omgfin,hong kong,cryptocurrency exchange omgfin,Hong Kong,Exchange,,Pipeline,Cryptocurrency exchange Omgfin,,dgm_crypto_handles,c0ae65648027d189d1c75f2aec90f287,dgm_crypto_handles__c0ae65648027d189d1c75f2aec90f287
coindealcom,Cryptocurrency exchange Coindeal,"st. julians, malta",cryptocurrency exchange coindeal,"St. Julians, Malta",Exchange,,Media,Cryptocurrency exchange Coindeal,,dgm_crypto_handles,df79897835a37b7cbe69295af9222de7,dgm_crypto_handles__df79897835a37b7cbe69295af9222de7
coinfloor,Cryptocurrency exchange Coinfloor,"london, uk",cryptocurrency exchange coinfloor,"London, UK",Exchange,,News,Cryptocurrency exchange Coinfloor,,dgm_crypto_handles,371206984e306c4b729b230aeafc8c2b,dgm_crypto_handles__371206984e306c4b729b230aeafc8c2b
latokens,Cryptocurrency exchange LATOKEN,"msida, malta",cryptocurrency exchange latoken,"Msida, Malta",Exchange,,LegislativeCommittee,Cryptocurrency exchange LATOKEN,,dgm_crypto_handles,676d81a05548159e8c7cde622ab4132e,dgm_crypto_handles__676d81a05548159e8c7cde622ab4132e
coinflexdotcom,Cryptocurrency exchange CoinFLEX,"seoul, korea",cryptocurrency exchange coinflex,"Seoul, Korea",Exchange,,ForeignMinister,Cryptocurrency exchange CoinFLEX,,dgm_crypto_handles,6b8c18dca9493ef52e298b394f26ae99,dgm_crypto_handles__6b8c18dca9493ef52e298b394f26ae99
bitayturkiye,Cryptocurrency exchange Bitay,"istanbul, turkey",cryptocurrency exchange bitay,"Istanbul, Turkey",Exchange,,Legislator,Cryptocurrency exchange Bitay,,dgm_crypto_handles,99c72e9a86fda920b667bef0181ef279,dgm_crypto_handles__99c72e9a86fda920b667bef0181ef279
max_exch,Cryptocurrency exchange MAX Exchange,"atlanta, ga",cryptocurrency exchange max exchange,"Atlanta, GA",Exchange,,Diplomat,Cryptocurrency exchange MAX Exchange,,dgm_crypto_handles,52018886edf8cf092a0315bf95948ecc,dgm_crypto_handles__52018886edf8cf092a0315bf95948ecc
coinzocom,Cryptocurrency exchange Coinzo,"seoul, korea",cryptocurrency exchange coinzo,"Seoul, Korea",Exchange,,Diplomat,Cryptocurrency exchange Coinzo,,dgm_crypto_handles,66b1fa91330e39e81b67642cf4eaadf3,dgm_crypto_handles__66b1fa91330e39e81b67642cf4eaadf3
bitpanda,Cryptocurrency exchange Bitpanda Pro,"seoul, korea",cryptocurrency exchange bitpanda pro,"Seoul, Korea",Exchange,,IndustryTerm,Cryptocurrency exchange Bitpanda Pro,,dgm_crypto_handles,ca4ce0bb6856737fc1a554990a8177d2,dgm_crypto_handles__ca4ce0bb6856737fc1a554990a8177d2
rekeningkucom,Cryptocurrency exchange Rekeningku.com,"jakarta, indonesia",cryptocurrency exchange rekeningku.com,"Jakarta, Indonesia",Exchange,,Wells,Cryptocurrency exchange Rekeningku.com,,dgm_crypto_handles,86b73ef70d7a5493d33da5469d4683ae,dgm_crypto_handles__86b73ef70d7a5493d33da5469d4683ae
coinbene,Cryptocurrency exchange CoinBene,"singapore, sinagpore",cryptocurrency exchange coinbene,"Singapore, Sinagpore",Exchange,,Media,Cryptocurrency exchange CoinBene,,dgm_crypto_handles,96703d4ec28f6532bebbeb39c28bcd68,dgm_crypto_handles__96703d4ec28f6532bebbeb39c28bcd68
huobiindo,Cryptocurrency exchange Huobi Indonesia,"jakarta, indonesia",cryptocurrency exchange huobi indonesia,"Jakarta, Indonesia",Exchange,,Diplomat,Cryptocurrency exchange Huobi Indonesia,,dgm_crypto_handles,cdb23471d44185a7ab1010e1dea024af,dgm_crypto_handles__cdb23471d44185a7ab1010e1dea024af
bitexlive,Cryptocurrency exchange BITEXLIVE,"seoul, south korea",cryptocurrency exchange bitexlive,"Seoul, South Korea",Exchange,,Wells,Cryptocurrency exchange BITEXLIVE,,dgm_crypto_handles,71b07e7bed85cbd7fd48b25c2ae35b20,dgm_crypto_handles__71b07e7bed85cbd7fd48b25c2ae35b20
nova_dax,Cryptocurrency exchange NovaDAX,"mahé, seychelles",cryptocurrency exchange novadax,"Mahé, Seychelles",Exchange,,Media,Cryptocurrency exchange NovaDAX,,dgm_crypto_handles,8398fe91d109208e2cca616a4dc034ac,dgm_crypto_handles__8398fe91d109208e2cca616a4dc034ac
aofex2,Cryptocurrency exchange AOFEX,"san francisco, ca",cryptocurrency exchange aofex,"San Francisco, CA",Exchange,,Person,Cryptocurrency exchange AOFEX,,dgm_crypto_handles,b9c913f44bc51e0bcddd9c6312c65881,dgm_crypto_handles__b9c913f44bc51e0bcddd9c6312c65881
mercadobitcoin,Cryptocurrency exchange Mercado Bitcoin,"sao paulo, brazil",cryptocurrency exchange mercado bitcoin,"Sao Paulo, Brazil",Exchange,,Exec,Cryptocurrency exchange Mercado Bitcoin,,dgm_crypto_handles,c7d703bc9c58010943a16c318d5344f4,dgm_crypto_handles__c7d703bc9c58010943a16c318d5344f4
fobl_official,Cryptocurrency exchange FOBLGATE,"seoul, south korea",cryptocurrency exchange foblgate,"Seoul, South Korea",Exchange,,AAEntity,Cryptocurrency exchange FOBLGATE,,dgm_crypto_handles,bb7ae0ae47193dc0f1c00b8c4c664d7f,dgm_crypto_handles__bb7ae0ae47193dc0f1c00b8c4c664d7f
alterdicesocial,Cryptocurrency exchange Alterdice,"san francisco, ca",cryptocurrency exchange alterdice,"San Francisco, CA",Exchange,,IndustryTerm,Cryptocurrency exchange Alterdice,,dgm_crypto_handles,058a4b2c9313e1808b780f6b09dd1bc6,dgm_crypto_handles__058a4b2c9313e1808b780f6b09dd1bc6
digifinex,Cryptocurrency exchange DigiFinex,"san francisco, ca",cryptocurrency exchange digifinex,"San Francisco, CA",Exchange,,Shipping,Cryptocurrency exchange DigiFinex,,dgm_crypto_handles,61c0886e6246a7a842902b71bb423a60,dgm_crypto_handles__61c0886e6246a7a842902b71bb423a60
btcmarkets,Cryptocurrency exchange BTC Markets,"san francisco, ca",cryptocurrency exchange btc markets,"San Francisco, CA",Exchange,,Keyphrase,Cryptocurrency exchange BTC Markets,,dgm_crypto_handles,a07d478e97da37e28a243946dd546472,dgm_crypto_handles__a07d478e97da37e28a243946dd546472
mexc_global,Cryptocurrency exchange MEXC,"mahé, seychelles",cryptocurrency exchange mexc,"Mahé, Seychelles",Exchange,,LegislativeCommittee,Cryptocurrency exchange MEXC,,dgm_crypto_handles,fb4859347eab7e80a16694b9d89e1029,dgm_crypto_handles__fb4859347eab7e80a16694b9d89e1029
crosstower_ex,Cryptocurrency exchange CrossTower,"san francisco, ca",cryptocurrency exchange crosstower,"San Francisco, CA",Exchange,,Shipping,Cryptocurrency exchange CrossTower,,dgm_crypto_handles,eec2835be6710089a0fa1a5ed09a4f7e,dgm_crypto_handles__eec2835be6710089a0fa1a5ed09a4f7e
bitmartexchange,Cryptocurrency exchange BitMart,"san francisco, ca",cryptocurrency exchange bitmart,"San Francisco, CA",Exchange,,IndustryTerm,Cryptocurrency exchange BitMart,,dgm_crypto_handles,9efe3cf7618b18224671ffc624700ea2,dgm_crypto_handles__9efe3cf7618b18224671ffc624700ea2
ethereum,Ethereum,"san francisco, ca",ethereum,"San Francisco, CA",coin,,Exec,Ethereum,,dgm_crypto_handles,94195b7b439ec3bda396c8df3d53e0c0,dgm_crypto_handles__94195b7b439ec3bda396c8df3d53e0c0
binance,Binance Coin cryptocurrency,"san francisco, ca",binance coin cryptocurrency,"San Francisco, CA",coin,,Exec,Binance Coin cryptocurrency,,dgm_crypto_handles,de4808a863fb264b9b710231e51cf015,dgm_crypto_handles__de4808a863fb264b9b710231e51cf015
tether_to,Tether cryptocurrency,"san francisco, ca",tether cryptocurrency,"San Francisco, CA",coin,,DiplomaticFacilities,Tether cryptocurrency,,dgm_crypto_handles,5fe075f245c57aadf67a1daac2d046ed,dgm_crypto_handles__5fe075f245c57aadf67a1daac2d046ed
cardano,Cardano cryptocurrency,"san francisco, ca",cardano cryptocurrency,"San Francisco, CA",coin,,Pipeline,Cardano cryptocurrency,,dgm_crypto_handles,d58dc8b8918e65b45ee1c2b9da351233,dgm_crypto_handles__d58dc8b8918e65b45ee1c2b9da351233
ripple,XRP cryptocurrency,"san francisco, ca",xrp cryptocurrency,"San Francisco, CA",coin,,News,XRP cryptocurrency,,dgm_crypto_handles,7902525300a2b7864193ccf4bc7043a7,dgm_crypto_handles__7902525300a2b7864193ccf4bc7043a7
dogecoin,Dogecoin,"san francisco, ca",dogecoin,"San Francisco, CA",coin,,Exec,Dogecoin,,dgm_crypto_handles,4a2e40ad6bec49a9016996064a5f3c8a,dgm_crypto_handles__4a2e40ad6bec49a9016996064a5f3c8a
polkadot,Polkadot cryptocurrency,"san francisco, ca",polkadot cryptocurrency,"San Francisco, CA",coin,,ForeignMinister,Polkadot cryptocurrency,,dgm_crypto_handles,271958734150a68441fd6dd58d940362,dgm_crypto_handles__271958734150a68441fd6dd58d940362
uniswap,Uniswap cryptocurrency,"san francisco, ca",uniswap cryptocurrency,"San Francisco, CA",coin,,Legislator,Uniswap cryptocurrency,,dgm_crypto_handles,743f08ab74dbd3be3fe25fbc23122c74,dgm_crypto_handles__743f08ab74dbd3be3fe25fbc23122c74
chainlink,Chainlink cryptocurrency,"san francisco, ca",chainlink cryptocurrency,"San Francisco, CA",coin,,Keyphrase,Chainlink cryptocurrency,,dgm_crypto_handles,829b9c18794e7e596fbbf94df489ccab,dgm_crypto_handles__829b9c18794e7e596fbbf94df489ccab
solana,Solana cryptocurrency,"san francisco, ca",solana cryptocurrency,"San Francisco, CA",coin,,ForeignMinister,Solana cryptocurrency,,dgm_crypto_handles,4f6462e3f9fbaa875d8956606bf666b1,dgm_crypto_handles__4f6462e3f9fbaa875d8956606bf666b1
bitcoincashorg,Bitcoin Cash cryptocurrency,"san francisco, ca",bitcoin cash cryptocurrency,"San Francisco, CA",coin,,LegislativeCommittee,Bitcoin Cash cryptocurrency,,dgm_crypto_handles,b35c5aa65460f4bfd220858a46a66b45,dgm_crypto_handles__b35c5aa65460f4bfd220858a46a66b45
litecoin,Litecoin cryptocurrency,"san francisco, ca",litecoin cryptocurrency,"San Francisco, CA",coin,,Media,Litecoin cryptocurrency,,dgm_crypto_handles,eef5ead88b8449c04d11cfc05bd7b42d,dgm_crypto_handles__eef5ead88b8449c04d11cfc05bd7b42d
dfinitycomputer,Internet Computer cryptocurrency,"san francisco, ca",internet computer cryptocurrency,"San Francisco, CA",coin,,Shipping,Internet Computer cryptocurrency,,dgm_crypto_handles,cb6c9f6c340698e9972a3c7fdba4cf14,dgm_crypto_handles__cb6c9f6c340698e9972a3c7fdba4cf14
0xpolygon,Polygon cryptocurrency,"san francisco, ca",polygon cryptocurrency,"San Francisco, CA",coin,,FTO,Polygon cryptocurrency,,dgm_crypto_handles,5cbcf4bb21f5be41a4f7007ec440c47a,dgm_crypto_handles__5cbcf4bb21f5be41a4f7007ec440c47a
eth_classic,Ethereum Classic cryptocurrency,"san francisco, ca",ethereum classic cryptocurrency,"San Francisco, CA",coin,,IndustryTerm,Ethereum Classic cryptocurrency,,dgm_crypto_handles,2154d6a628b517679d360cefe3bbd619,dgm_crypto_handles__2154d6a628b517679d360cefe3bbd619
stellarorg,Stellar cryptocurrency,"san francisco, ca",stellar cryptocurrency,"San Francisco, CA",coin,,Legislator,Stellar cryptocurrency,,dgm_crypto_handles,933c878fe1dc998d7bedc4d9f51c8e2b,dgm_crypto_handles__933c878fe1dc998d7bedc4d9f51c8e2b
vechainofficial,Vechain cryptocurrency,"san francisco, ca",vechain cryptocurrency,"San Francisco, CA",coin,,Wells,Vechain cryptocurrency,,dgm_crypto_handles,76d31f3c3cc382386ef5d277014c1a47,dgm_crypto_handles__76d31f3c3cc382386ef5d277014c1a47
theta_network,Theta cryptocurrency,"san francisco, ca",theta cryptocurrency,"San Francisco, CA",coin,,News,Theta cryptocurrency,,dgm_crypto_handles,77b00835352478b681e01fd5223ca16d,dgm_crypto_handles__77b00835352478b681e01fd5223ca16d
terra_money,Terra Luna cryptocurrency,"san francisco, ca",terra luna cryptocurrency,"San Francisco, CA",coin,,Exec,Terra Luna cryptocurrency,,dgm_crypto_handles,d7f9fc76b5607b91af153d31f73e330a,dgm_crypto_handles__d7f9fc76b5607b91af153d31f73e330a
filecoin,Filecoin cryptocurrency,"san francisco, ca",filecoin cryptocurrency,"San Francisco, CA",coin,,Refinery,Filecoin cryptocurrency,,dgm_crypto_handles,eac923a796cdf20f38321f4397187be6,dgm_crypto_handles__eac923a796cdf20f38321f4397187be6
tronfoundation,Tron cryptocurrency,"san francisco, ca",tron cryptocurrency,"San Francisco, CA",coin,,Diplomat,Tron cryptocurrency,,dgm_crypto_handles,713101737bc5cee76b7c7c6816a8f436,dgm_crypto_handles__713101737bc5cee76b7c7c6816a8f436
aaveaave,Aave cryptocurrency,"san francisco, ca",aave cryptocurrency,"San Francisco, CA",coin,,Legislator,Aave cryptocurrency,,dgm_crypto_handles,5a09e4b48e6b755aa710a538e885c609,dgm_crypto_handles__5a09e4b48e6b755aa710a538e885c609
monero,Monero cryptocurrency,"san francisco, ca",monero cryptocurrency,"San Francisco, CA",coin,,Wells,Monero cryptocurrency,,dgm_crypto_handles,5fef5e7c564eef18b7019acd451c788d,dgm_crypto_handles__5fef5e7c564eef18b7019acd451c788d
ftx_official,FTX Token cryptocurrency,"san francisco, ca",ftx token cryptocurrency,"San Francisco, CA",coin,,Refinery,FTX Token cryptocurrency,,dgm_crypto_handles,1b1883e26c9f714d1572d3e7e207dd7e,dgm_crypto_handles__1b1883e26c9f714d1572d3e7e207dd7e
eosio,EOS cryptocurrency,"san francisco, ca",eos cryptocurrency,"San Francisco, CA",coin,,FTO,EOS cryptocurrency,,dgm_crypto_handles,72470eaeb7126036d3eeff15805de4ba,dgm_crypto_handles__72470eaeb7126036d3eeff15805de4ba
pancakeswap,PancakeSwap cryptocurrency,"san francisco, ca",pancakeswap cryptocurrency,"San Francisco, CA",coin,,Wells,PancakeSwap cryptocurrency,,dgm_crypto_handles,95dda9b9ac1576dc810172ab474e7495,dgm_crypto_handles__95dda9b9ac1576dc810172ab474e7495
axieinfinity,Axie Infinity cryptocurrency,"san francisco, ca",axie infinity cryptocurrency,"San Francisco, CA",coin,,Wells,Axie Infinity cryptocurrency,,dgm_crypto_handles,be191b7e8bf03dba9f09c3e629d0f0ea,dgm_crypto_handles__be191b7e8bf03dba9f09c3e629d0f0ea
graphprotocol,The Graph cryptocurrency,"san francisco, ca",the graph cryptocurrency,"San Francisco, CA",coin,,Wells,The Graph cryptocurrency,,dgm_crypto_handles,e2a8825b5e5d27d468a82a9dd0e98208,dgm_crypto_handles__e2a8825b5e5d27d468a82a9dd0e98208
cryptocom,Crypto.com  cryptocurrency,"san francisco, ca",crypto.com  cryptocurrency,"San Francisco, CA",coin,,CompanyKeyword,Crypto.com  cryptocurrency,,dgm_crypto_handles,dee8aa287255bb3fdb93647b2463a36d,dgm_crypto_handles__dee8aa287255bb3fdb93647b2463a36d
klaytn_official,Klatyn cryptocurrency,"san francisco, ca",klatyn cryptocurrency,"San Francisco, CA",coin,,Diplomat,Klatyn cryptocurrency,,dgm_crypto_handles,b337a758968c08196b6add8718e7b29b,dgm_crypto_handles__b337a758968c08196b6add8718e7b29b
neo_blockchain,NEO cryptocurrency,"san francisco, ca",neo cryptocurrency,"San Francisco, CA",coin,,CompanyKeyword,NEO cryptocurrency,,dgm_crypto_handles,037549f5a60461c18a7acc0eb4ef130c,dgm_crypto_handles__037549f5a60461c18a7acc0eb4ef130c
makerdao,Maker cryptocurrency,"san francisco, ca",maker cryptocurrency,"San Francisco, CA",coin,,Media,Maker cryptocurrency,,dgm_crypto_handles,fdffd9ba65f1c24796a2d8b3b6509963,dgm_crypto_handles__fdffd9ba65f1c24796a2d8b3b6509963
cosmos,Cosmos cryptocurrency,"san francisco, ca",cosmos cryptocurrency,"San Francisco, CA",coin,,Shipping,Cosmos cryptocurrency,,dgm_crypto_handles,f3a364485f2c0f88d2069c53b36bcbc6,dgm_crypto_handles__f3a364485f2c0f88d2069c53b36bcbc6
shibainucoin,Shiba Inu cryptocurrency,"san francisco, ca",shiba inu cryptocurrency,"San Francisco, CA",coin,,Diplomat,Shiba Inu cryptocurrency,,dgm_crypto_handles,da3db341895bd6a1e316367efa59f13d,dgm_crypto_handles__da3db341895bd6a1e316367efa59f13d
_bitcoinsv,Bitcoin SV cryptocurrency,"san francisco, ca",bitcoin sv cryptocurrency,"San Francisco, CA",coin,,Exec,Bitcoin SV cryptocurrency,,dgm_crypto_handles,7de4515c71716fafde65f6d7439d7011,dgm_crypto_handles__7de4515c71716fafde65f6d7439d7011
bittorrent,BitTorrent cryptocurrency,"san francisco, ca",bittorrent cryptocurrency,"San Francisco, CA",coin,,CompanyKeyword,BitTorrent cryptocurrency,,dgm_crypto_handles,462c42a3951a3a0f7e8c659cbd4e206c,dgm_crypto_handles__462c42a3951a3a0f7e8c659cbd4e206c
avalancheavax,Avalanche cryptocurrency,"san francisco, ca",avalanche cryptocurrency,"San Francisco, CA",coin,,Refinery,Avalanche cryptocurrency,,dgm_crypto_handles,c44fb8766071ae4538ec92fff177540c,dgm_crypto_handles__c44fb8766071ae4538ec92fff177540c
tezos,Tezos cryptocurrency,"san francisco, ca",tezos cryptocurrency,"San Francisco, CA",coin,,space,Tezos cryptocurrency,,dgm_crypto_handles,d346c7bb1369e83c6467911eff9ab09e,dgm_crypto_handles__d346c7bb1369e83c6467911eff9ab09e
algorand,Algorand cryptocurrency,"san francisco, ca",algorand cryptocurrency,"San Francisco, CA",coin,,Person,Algorand cryptocurrency,,dgm_crypto_handles,943028e8fc2383b51113d7e772febe55,dgm_crypto_handles__943028e8fc2383b51113d7e772febe55
iota,Iota cryptocurrency,"san francisco, ca",iota cryptocurrency,"San Francisco, CA",coin,,Organization,Iota cryptocurrency,,dgm_crypto_handles,ffeae86244c7a9c57c728389b0f61ce8,dgm_crypto_handles__ffeae86244c7a9c57c728389b0f61ce8
amptoken,Amp cryptocurrency,"san francisco, ca",amp cryptocurrency,"San Francisco, CA",coin,,Refinery,Amp cryptocurrency,,dgm_crypto_handles,58959c681a840420c12c8d7a9715b816,dgm_crypto_handles__58959c681a840420c12c8d7a9715b816
elrondnetwork,Elrond cryptocurrency,"san francisco, ca",elrond cryptocurrency,"San Francisco, CA",coin,,Shipping,Elrond cryptocurrency,,dgm_crypto_handles,cc81be5c82ba8a5dfb6eb0d730206073,dgm_crypto_handles__cc81be5c82ba8a5dfb6eb0d730206073
compoundfinance,Compound cryptocurrency,"san francisco, ca",compound cryptocurrency,"San Francisco, CA",coin,,Exec,Compound cryptocurrency,,dgm_crypto_handles,4f3f33188b70974b4b14f4d94fc92f4a,dgm_crypto_handles__4f3f33188b70974b4b14f4d94fc92f4a
kusamanetwork,Kusama cryptocurrency,"san francisco, ca",kusama cryptocurrency,"San Francisco, CA",coin,,Keyphrase,Kusama cryptocurrency,,dgm_crypto_handles,0004664499a91b47181bc48e61e1f66e,dgm_crypto_handles__0004664499a91b47181bc48e61e1f66e
huboigiobai,Huobi Token cryptocurrency,"san francisco, ca",huobi token cryptocurrency,"San Francisco, CA",coin,,Exec,Huobi Token cryptocurrency,,dgm_crypto_handles,456a69fc224c56cfbb9689511547b384,dgm_crypto_handles__456a69fc224c56cfbb9689511547b384
hedera,Hedera Hashgraph cryptocurrency,"san francisco, ca",hedera hashgraph cryptocurrency,"San Francisco, CA",coin,,LegislativeCommittee,Hedera Hashgraph cryptocurrency,,dgm_crypto_handles,8b818b8db5393669557efa6738c5834c,dgm_crypto_handles__8b818b8db5393669557efa6738c5834c
decredproject,Decred cryptocurrency,"san francisco, ca",decred cryptocurrency,"San Francisco, CA",coin,,Person,Decred cryptocurrency,,dgm_crypto_handles,c0121fabeea95e2bf5364f1a8979de67,dgm_crypto_handles__c0121fabeea95e2bf5364f1a8979de67
wavesprotocol,Waves cryptocurrency,"san francisco, ca",waves cryptocurrency,"San Francisco, CA",coin,,Legislator,Waves cryptocurrency,,dgm_crypto_handles,052512a09cbba33f466dfb1ff22e04a9,dgm_crypto_handles__052512a09cbba33f466dfb1ff22e04a9
holochain,Holochain cryptocurrency,"san francisco, ca",holochain cryptocurrency,"San Francisco, CA",coin,,Diplomat,Holochain cryptocurrency,,dgm_crypto_handles,a0110ab3e0bd6413b549857e0760de7e,dgm_crypto_handles__a0110ab3e0bd6413b549857e0760de7e
chiliz,Chiliz cryptocurrency,"san francisco, ca",chiliz cryptocurrency,"San Francisco, CA",coin,,Consulates,Chiliz cryptocurrency,,dgm_crypto_handles,d1928392cc51a08042f4d87711888afa,dgm_crypto_handles__d1928392cc51a08042f4d87711888afa
quant_network,Quant cryptocurrency,"san francisco, ca",quant cryptocurrency,"San Francisco, CA",coin,,Consulates,Quant cryptocurrency,,dgm_crypto_handles,4e1082da2a7831c2c5f8626925b7225c,dgm_crypto_handles__4e1082da2a7831c2c5f8626925b7225c
dashpay,Dash cryptocurrency,"san francisco, ca",dash cryptocurrency,"San Francisco, CA",coin,,AAEntity,Dash cryptocurrency,,dgm_crypto_handles,6850593af411ce02a7d519b674c7829b,dgm_crypto_handles__6850593af411ce02a7d519b674c7829b
nemofficial,NEM cryptocurrency,"san francisco, ca",nem cryptocurrency,"San Francisco, CA",coin,,ForeignMinister,NEM cryptocurrency,,dgm_crypto_handles,29d4ce65ae8fae52f151b4b6c047f9d9,dgm_crypto_handles__29d4ce65ae8fae52f151b4b6c047f9d9
stacks,Stacks cryptocurrency,"san francisco, ca",stacks cryptocurrency,"San Francisco, CA",coin,,Shipping,Stacks cryptocurrency,,dgm_crypto_handles,60e3a8fc14f71fc003a1491fd36879ba,dgm_crypto_handles__60e3a8fc14f71fc003a1491fd36879ba
thorchain,ThorChain cryptocurrency,"san francisco, ca",thorchain cryptocurrency,"San Francisco, CA",coin,,Person,ThorChain cryptocurrency,,dgm_crypto_handles,6893d7041034caf513903c105e8f3d42,dgm_crypto_handles__6893d7041034caf513903c105e8f3d42
zcash,ZCash cryptocurrency,"san francisco, ca",zcash cryptocurrency,"San Francisco, CA",coin,,FTO,ZCash cryptocurrency,,dgm_crypto_handles,b271685cb39270d532597aeaf6f4fb2a,dgm_crypto_handles__b271685cb39270d532597aeaf6f4fb2a
helium,Helium cryptocurrency,"san francisco, ca",helium cryptocurrency,"San Francisco, CA",coin,,Refinery,Helium cryptocurrency,,dgm_crypto_handles,a11fa396e30bb103057c7a98fbb94035,dgm_crypto_handles__a11fa396e30bb103057c7a98fbb94035
celsiusnetwork,Celsius cryptocurrency,"san francisco, ca",celsius cryptocurrency,"San Francisco, CA",coin,,ForeignMinistry,Celsius cryptocurrency,,dgm_crypto_handles,026c2fd8699aec98ec28928a9d2c8fcb,dgm_crypto_handles__026c2fd8699aec98ec28928a9d2c8fcb
ravencoin,Ravencoin cryptocurrency,"san francisco, ca",ravencoin cryptocurrency,"San Francisco, CA",coin,,Pipeline,Ravencoin cryptocurrency,,dgm_crypto_handles,a392af939dac07567912ada028543d25,dgm_crypto_handles__a392af939dac07567912ada028543d25
sushiswap,SushiSwap cryptocurrency,"san francisco, ca",sushiswap cryptocurrency,"San Francisco, CA",coin,,Exec,SushiSwap cryptocurrency,,dgm_crypto_handles,4431ba391fc2934e0525c64f3e793a67,dgm_crypto_handles__4431ba391fc2934e0525c64f3e793a67
okex,OKB cryptocurrency,"san francisco, ca",okb cryptocurrency,"San Francisco, CA",coin,,LegislativeCommittee,OKB cryptocurrency,,dgm_crypto_handles,5d230280b462964062a4608707d048cc,dgm_crypto_handles__5d230280b462964062a4608707d048cc
decentraland,Decentraland cryptocurrency,"san francisco, ca",decentraland cryptocurrency,"San Francisco, CA",coin,,AAEntity,Decentraland cryptocurrency,,dgm_crypto_handles,47c5840bfc545a3624d50b76f6c7cb2a,dgm_crypto_handles__47c5840bfc545a3624d50b76f6c7cb2a
flow_blockchain,Flow cryptocurrency,"san francisco, ca",flow cryptocurrency,"San Francisco, CA",coin,,IndustryTerm,Flow cryptocurrency,,dgm_crypto_handles,7a17a721b1b32ed90cc36ad7f97f934f,dgm_crypto_handles__7a17a721b1b32ed90cc36ad7f97f934f
enjin,Enjin Coin cryptocurrency,"san francisco, ca",enjin coin cryptocurrency,"San Francisco, CA",coin,,News,Enjin Coin cryptocurrency,,dgm_crypto_handles,76199ba526b7e48c15f4abea3d0f65c5,dgm_crypto_handles__76199ba526b7e48c15f4abea3d0f65c5
iearnfinance,Yearn.Finance cryptocurrency,"san francisco, ca",yearn.finance cryptocurrency,"San Francisco, CA",coin,,Diplomat,Yearn.Finance cryptocurrency,,dgm_crypto_handles,f50e6f29ff1f9473cc6ec9c15885051c,dgm_crypto_handles__f50e6f29ff1f9473cc6ec9c15885051c
synthetix_io,Synthetix cryptocurrency,"san francisco, ca",synthetix cryptocurrency,"San Francisco, CA",coin,,Consulates,Synthetix cryptocurrency,,dgm_crypto_handles,78bb3235a17a9888ce1a4181d03f2658,dgm_crypto_handles__78bb3235a17a9888ce1a4181d03f2658
tusd_official,TrueUSD cryptocurrency,"san francisco, ca",trueusd cryptocurrency,"San Francisco, CA",coin,,Person,TrueUSD cryptocurrency,,dgm_crypto_handles,4e8c495ab202482cd07e5fd7e2668c78,dgm_crypto_handles__4e8c495ab202482cd07e5fd7e2668c78
nearprotocol,Near Protocol cryptocurrency,"san francisco, ca",near protocol cryptocurrency,"San Francisco, CA",coin,,CompanyKeyword,Near Protocol cryptocurrency,,dgm_crypto_handles,6099d2881a2da2759f60ddbcbe97c277,dgm_crypto_handles__6099d2881a2da2759f60ddbcbe97c277
xinfin_official,XinFin cryptocurrency,"san francisco, ca",xinfin cryptocurrency,"San Francisco, CA",coin,,Pipeline,XinFin cryptocurrency,,dgm_crypto_handles,4ca88757cdac0c4713442d1c13d1e2b6,dgm_crypto_handles__4ca88757cdac0c4713442d1c13d1e2b6
zilliqa,Zilliqa cryptocurrency,"san francisco, ca",zilliqa cryptocurrency,"San Francisco, CA",coin,,space,Zilliqa cryptocurrency,,dgm_crypto_handles,8ca851dd88b2c1d2b74d03a054514a80,dgm_crypto_handles__8ca851dd88b2c1d2b74d03a054514a80
nexofinance,Nexo cryptocurrency,"san francisco, ca",nexo cryptocurrency,"San Francisco, CA",coin,,News,Nexo cryptocurrency,,dgm_crypto_handles,6ae2e51cf4e5847476d56e038dcc42b3,dgm_crypto_handles__6ae2e51cf4e5847476d56e038dcc42b3
attentiontoken,Basic Attention Token cryptocurrency,"san francisco, ca",basic attention token cryptocurrency,"San Francisco, CA",coin,,Exec,Basic Attention Token cryptocurrency,,dgm_crypto_handles,66257359e8c224706ac4131ded25a263,dgm_crypto_handles__66257359e8c224706ac4131ded25a263
qtum,Qtum cryptocurrency,"san francisco, ca",qtum cryptocurrency,"San Francisco, CA",coin,,Exec,Qtum cryptocurrency,,dgm_crypto_handles,031ce85ca4ccf006b694b8d0810a8ee9,dgm_crypto_handles__031ce85ca4ccf006b694b8d0810a8ee9
bitcoingold,Bitcoin Gold cryptocurrency,"san francisco, ca",bitcoin gold cryptocurrency,"San Francisco, CA",coin,,Person,Bitcoin Gold cryptocurrency,,dgm_crypto_handles,a56c9f720b83e0360e435ceafd0a4c22,dgm_crypto_handles__a56c9f720b83e0360e435ceafd0a4c22
telcoin_team,Telcoin cryptocurrency,"san francisco, ca",telcoin cryptocurrency,"San Francisco, CA",coin,,Pipeline,Telcoin cryptocurrency,,dgm_crypto_handles,3cf83b11d124c7a5a5f6c5a581b572c2,dgm_crypto_handles__3cf83b11d124c7a5a5f6c5a581b572c2
harmonyprotocol,Harmony One cryptocurrency,"san francisco, ca",harmony one cryptocurrency,"San Francisco, CA",coin,,Media,Harmony One cryptocurrency,,dgm_crypto_handles,6c8d688001ebc6db44ddc1e1d9134d68,dgm_crypto_handles__6c8d688001ebc6db44ddc1e1d9134d68
bancor,Bancor cryptocurrency,"san francisco, ca",bancor cryptocurrency,"San Francisco, CA",coin,,Keyphrase,Bancor cryptocurrency,,dgm_crypto_handles,b0a961efd00059406e663a64cb210890,dgm_crypto_handles__b0a961efd00059406e663a64cb210890
kucoincom,Kucoin Token cryptocurrency,"san francisco, ca",kucoin token cryptocurrency,"San Francisco, CA",coin,,Media,Kucoin Token cryptocurrency,,dgm_crypto_handles,a8231397bf229584b05534cc5389344b,dgm_crypto_handles__a8231397bf229584b05534cc5389344b
paxosglobal,Paxos Standard cryptocurrency,"san francisco, ca",paxos standard cryptocurrency,"San Francisco, CA",coin,,space,Paxos Standard cryptocurrency,,dgm_crypto_handles,195c02f878cd2336cf19fcd6a1c9f555,dgm_crypto_handles__195c02f878cd2336cf19fcd6a1c9f555
digibytecoin,DigiByte cryptocurrency,"san francisco, ca",digibyte cryptocurrency,"San Francisco, CA",coin,,Refinery,DigiByte cryptocurrency,,dgm_crypto_handles,79c4ce1499dcbbd0161ebc25a0e428f7,dgm_crypto_handles__79c4ce1499dcbbd0161ebc25a0e428f7
ontologynetwork,Ontology cryptocurrency,"san francisco, ca",ontology cryptocurrency,"San Francisco, CA",coin,,FTO,Ontology cryptocurrency,,dgm_crypto_handles,1f1fa4c14b0eae910c09fa1024ed7c1c,dgm_crypto_handles__1f1fa4c14b0eae910c09fa1024ed7c1c
celoorg,Celo cryptocurrency,"san francisco, ca",celo cryptocurrency,"San Francisco, CA",coin,,IndustryTerm,Celo cryptocurrency,,dgm_crypto_handles,525cc953474fbef61c7b5eba8160d478,dgm_crypto_handles__525cc953474fbef61c7b5eba8160d478
investvoyager,Voyager Token cryptocurrency,"san francisco, ca",voyager token cryptocurrency,"San Francisco, CA",coin,,AAEntity,Voyager Token cryptocurrency,,dgm_crypto_handles,bf3afe59b3f920e27c68e7b58964a58a,dgm_crypto_handles__bf3afe59b3f920e27c68e7b58964a58a
iotex_io,IoTeX cryptocurrency,"san francisco, ca",iotex cryptocurrency,"San Francisco, CA",coin,,ForeignMinistry,IoTeX cryptocurrency,,dgm_crypto_handles,211af428c310dc330d38441e438eb40c,dgm_crypto_handles__211af428c310dc330d38441e438eb40c
0xproject,0x cryptocurrency,"san francisco, ca",0x cryptocurrency,"San Francisco, CA",coin,,Diplomat,0x cryptocurrency,,dgm_crypto_handles,21227aeeace373372b54149126d1b6f5,dgm_crypto_handles__21227aeeace373372b54149126d1b6f5
mdexswap,Mdex cryptocurrency,"san francisco, ca",mdex cryptocurrency,"San Francisco, CA",coin,,News,Mdex cryptocurrency,,dgm_crypto_handles,8e28c4a767de5daa0567192eee0f7e47,dgm_crypto_handles__8e28c4a767de5daa0567192eee0f7e47
fantomfdn,Fantom cryptocurrency,"san francisco, ca",fantom cryptocurrency,"San Francisco, CA",coin,,IndustryTerm,Fantom cryptocurrency,,dgm_crypto_handles,db73dd29cae7cd0c67331dff7a132457,dgm_crypto_handles__db73dd29cae7cd0c67331dff7a132457
horizenglobal,Horizen cryptocurrency,"san francisco, ca",horizen cryptocurrency,"San Francisco, CA",coin,,Keyphrase,Horizen cryptocurrency,,dgm_crypto_handles,2bf89bf0b873f02ba167fbbac28365dc,dgm_crypto_handles__2bf89bf0b873f02ba167fbbac28365dc
curvefinance,Curve DAO Token cryptocurrency,"san francisco, ca",curve dao token cryptocurrency,"San Francisco, CA",coin,,Wells,Curve DAO Token cryptocurrency,,dgm_crypto_handles,e3184b25fdcc91432114c281aa6794d7,dgm_crypto_handles__e3184b25fdcc91432114c281aa6794d7
helloiconworld,Icon cryptocurrency,"san francisco, ca",icon cryptocurrency,"San Francisco, CA",coin,,Organization,Icon cryptocurrency,,dgm_crypto_handles,dc3bcb314aef472c15a2a222f955a38b,dgm_crypto_handles__dc3bcb314aef472c15a2a222f955a38b